sample_region,sample_rank,candidate_key,horse_name,aliases,identity_status,review_status,matched_profile_ids,identity_keys,source_namespace,source_namespaces,source_urls,event_regions,evidence_count,actual_start_evidence_count,declared_entry_evidence_count,nonstarter_evidence_count,unconfirmed_evidence_count,result_evidence_count,last_event_date,latest_event_id,latest_event_name,latest_event_grade,sire_name,dam_name,birth_year,reviewed,review_decision,review_notes
france,1,external:7f84a9d6f7e01c377fef7238394b687808a2b47753bce28709a222d6a5f4d966,LOSANGE BLEU,"[""LOSANGE BLEU""]",strong_external_identity,ready_for_profile_resolution,[],"[""zeturf:558083""]",zeturf,"[""zeturf""]","[""https://www.zeturf.fr/fr/course-du-jour/2023-03-19/R1C5-auteuil-d-indy-hurdle"", ""https://www.zeturf.fr/fr/course-du-jour/2023-04-08/R3C4-auteuil-murat-stp"", ""https://www.zeturf.fr/fr/course-du-jour/2023-04-29/R1C2-auteuil-amadou-hurdle"", ""https://www.zeturf.fr/fr/course-du-jour/2023-05-21/R1C6-auteuil-alain-du-breil-course-de-haies-de-printemps-des-4-ans-hurdle"", ""https://www.zeturf.fr/fr/course-du-jour/2023-10-08/R1C5-auteuil-maisons-laffitte-hurdle"", ""https://www.zeturf.fr/fr/course-du-jour/2023-11-03/R3C3-auteuil-pierre-de-lassus-hurdle"", ""https://www.zeturf.fr/fr/course-du-jour/2023-11-26/R1C7-auteuil-renaud-du-vivier-hurdle"", ""https://www.zeturf.fr/fr/course-du-jour/2024-03-24/R1C6-auteuil-hypothese-hurdle"", ""https://www.zeturf.fr/fr/course-du-jour/2024-05-18/R1C4-auteuil-grande-course-de-haies-d-auteuil-hurdle-racing-tv"", ""https://www.zeturf.fr/fr/course-du-jour/2024-09-28/R1C4-auteuil-compiegne-de-hurdle"", ""https://www.zeturf.fr/fr/course-du-jour/2024-10-19/R1C2-auteuil-carmarthen-hurdle"", ""https://www.zeturf.fr/fr/course-du-jour/2024-11-16/R1C7-auteuil-serge-landon-g-p-d-automne-hurdle"", ""https://www.zeturf.fr/fr/course-du-jour/2025-03-23/R1C5-auteuil-la-barka-hurdle"", ""https://www.zeturf.fr/fr/course-du-jour/2025-04-20/R1C4-auteuil-jean-stern-stp"", ""https://www.zeturf.fr/fr/course-du-jour/2025-05-17/R1C7-auteuil-grande-course-de-haies-d-auteuil-hurdle-racing-tv"", ""https://www.zeturf.fr/fr/course-du-jour/2025-09-27/R1C7-auteuil-compiegne-de-hurdle"", ""https://www.zeturf.fr/fr/course-du-jour/2025-10-18/R1C6-auteuil-carmarthen-hurdle"", ""https://www.zeturf.fr/fr/course-du-jour/2025-11-15/R1C8-auteuil-serge-landon-g-p-d-automne-hurdle"", ""https://www.zeturf.fr/fr/course-du-jour/2026-03-22/R1C4-auteuil-prix-de-pepinvast"", ""https://www.zeturf.fr/fr/course-du-jour/2026-04-19/R5C5-auteuil-amadou-hurdle"", ""https://www.zeturf.fr/fr/course-du-jour/2026-04-19/R5C5-auteuil-prix-leon-rambaud"", ""https://www.zeturf.fr/fr/course-du-jour/2026-05-16/R1C6-auteuil-grande-course-de-haies-d-auteuil-hurdle-racing-tv"", ""https://www.zeturf.fr/fr/course-du-jour/2026-05-16/R1C6-auteuil-racing-tv-grande-course-de-haies-d-auteuil""]","[""france""]",24,24,0,0,0,24,2026-05-16,16189,Grande Course de Haies d'Auteuil Hurdle[Racing TV],G1,,,,True,confirm_batch_inclusion,项目负责人确认纳入首批；该决定不豁免身份补强、完整资料和完整生涯门禁。
france,2,external:739d628fe5241d466ef17bec5bfd7f062f12bcdec0560cbb6f52ed7bad17f4d5,LE PHILOSOPHE,"[""LE PHILOSOPHE""]",strong_external_identity,ready_for_profile_resolution,[],"[""zeturf:558075""]",zeturf,"[""zeturf""]","[""https://www.zeturf.fr/fr/course-du-jour/2023-03-19/R1C5-auteuil-d-indy-hurdle"", ""https://www.zeturf.fr/fr/course-du-jour/2023-04-29/R1C2-auteuil-amadou-hurdle"", ""https://www.zeturf.fr/fr/course-du-jour/2023-06-10/R3C2-auteuil-la-barka-hurdle"", ""https://www.zeturf.fr/fr/course-du-jour/2023-06-27/R1C3-auteuil-la-perichole-stp"", ""https://www.zeturf.fr/fr/course-du-jour/2023-09-23/R1C7-auteuil-the-fellow-marquise-de-moratalla-stp"", ""https://www.zeturf.fr/fr/course-du-jour/2023-10-14/R1C3-auteuil-orcada-stp"", ""https://www.zeturf.fr/fr/course-du-jour/2023-11-12/R1C4-auteuil-la-haye-jousselin-stp"", ""https://www.zeturf.fr/fr/course-du-jour/2024-03-24/R1C6-auteuil-hypothese-hurdle"", ""https://www.zeturf.fr/fr/course-du-jour/2024-05-07/R3C5-compiegne-romati-stp"", ""https://www.zeturf.fr/fr/course-du-jour/2024-06-08/R3C7-auteuil-la-barka-hurdle"", ""https://www.zeturf.fr/fr/course-du-jour/2024-10-03/R1C6-compiegne-la-gascogne-stp"", ""https://www.zeturf.fr/fr/course-du-jour/2024-11-02/R1C7-compiegne-grand-steeple-chase-de-compiegne"", ""https://www.zeturf.fr/fr/course-du-jour/2024-11-29/R2C6-compiegne-leopold-d-orsetti-hurdle-g-c-de-haies-de-compiegne"", ""https://www.zeturf.fr/fr/course-du-jour/2024-12-08/R4C6-auteuil-georges-courtois-stp"", ""https://www.zeturf.fr/fr/course-du-jour/2025-03-23/R1C5-auteuil-la-barka-hurdle"", ""https://www.zeturf.fr/fr/course-du-jour/2025-05-07/R3C5-compiegne-romati-stp"", ""https://www.zeturf.fr/fr/course-du-jour/2025-05-31/R1C9-auteuil-hypothese-hurdle"", ""https://www.zeturf.fr/fr/course-du-jour/2025-10-02/R1C6-compiegne-la-gascogne-stp"", ""https://www.zeturf.fr/fr/course-du-jour/2025-10-25/R1C6-compiegne-grand-steeple-chase-de-compiegne"", ""https://www.zeturf.fr/fr/course-du-jour/2025-10-25/R1C6-compiegne-leopold-d-orsetti-hurdle-g-c-de-haies-de-compiegne"", ""https://www.zeturf.fr/fr/course-du-jour/2026-05-04/R2C4-chantilly-de-guiche"", ""https://www.zeturf.fr/fr/course-du-jour/2026-05-04/R2C4-compiegne-prix-romati"", ""https://www.zeturf.fr/fr/course-du-jour/2026-05-30/R1C4-auteuil-drags-des-stp"", ""https://www.zeturf.fr/fr/course-du-jour/2026-05-30/R1C4-auteuil-prix-des-drags""]","[""france""]",24,21,3,0,0,21,2026-05-30,16181,Drags (des) Stp,G2,,,,True,confirm_batch_inclusion,项目负责人确认纳入首批；该决定不豁免身份补强、完整资料和完整生涯门禁。
france,3,external:176fdb60dcd4b7826f7c18a47e171cf89207ef05a0016cfd9d289c802d60f104,DOUBLE MAJOR,"[""DOUBLE MAJOR""]",strong_external_identity,ready_for_profile_resolution,[],"[""zeturf:612702""]",zeturf,"[""zeturf""]","[""https://www.zeturf.fr/fr/course-du-jour/2023-08-31/R1C4-parislongchamp-gerald-de-geoffre-lutece"", ""https://www.zeturf.fr/fr/course-du-jour/2023-09-30/R1C1-parislongchamp-chaudenay-qatar"", ""https://www.zeturf.fr/fr/course-du-jour/2023-10-29/R1C7-parislongchamp-royal-oak"", ""https://www.zeturf.fr/fr/course-du-jour/2024-04-28/R1C2-parislongchamp-barbeville"", ""https://www.zeturf.fr/fr/course-du-jour/2024-05-26/R1C3-parislongchamp-d-ispahan"", ""https://www.zeturf.fr/fr/course-du-jour/2024-07-13/R4C6-parislongchamp-maurice-de-nieuil"", ""https://www.zeturf.fr/fr/course-du-jour/2024-08-18/R1C1-deauville-jean-romanet-sumbe"", ""https://www.zeturf.fr/fr/course-du-jour/2024-10-05/R1C3-parislongchamp-dollar-qatar"", ""https://www.zeturf.fr/fr/course-du-jour/2024-10-27/R1C7-saint-cloud-flore"", ""https://www.zeturf.fr/fr/course-du-jour/2025-05-25/R1C6-parislongchamp-vicomtesse-vigier"", ""https://www.zeturf.fr/fr/course-du-jour/2025-07-13/R1C5-parislongchamp-maurice-de-nieuil"", ""https://www.zeturf.fr/fr/course-du-jour/2025-08-24/R1C1-deauville-jean-romanet-sumbe"", ""https://www.zeturf.fr/fr/course-du-jour/2025-09-11/R1C6-parislongchamp-gladiateur"", ""https://www.zeturf.fr/fr/course-du-jour/2025-10-26/R1C8-saint-cloud-royal-oak"", ""https://www.zeturf.fr/fr/course-du-jour/2026-04-26/R1C1-parislongchamp-prix-de-barbeville"", ""https://www.zeturf.fr/fr/course-du-jour/2026-05-21/R1C8-parislongchamp-prix-vicomtesse-vigier"", ""https://www.zeturf.fr/fr/course-du-jour/2026-05-21/R1C8-parislongchamp-vicomtesse-vigier"", ""https://www.zeturf.fr/fr/course-du-jour/2026-07-14/R1C7-parislongchamp-maurice-de-nieuil""]","[""france""]",19,19,0,0,0,19,2026-07-14,16198,Maurice de Nieuil,G2,,,,True,confirm_batch_inclusion,项目负责人确认纳入首批；该决定不豁免身份补强、完整资料和完整生涯门禁。
france,4,external:7ee9573ac9f7a565afb812d5776fbb8dc8b91e499503cf07f0981ae4d61110e3,KENTUCKY WOOD,"[""KENTUCKY WOOD""]",strong_external_identity,ready_for_profile_resolution,[],"[""zeturf:642690""]",zeturf,"[""zeturf""]","[""https://www.zeturf.fr/fr/course-du-jour/2024-03-09/R1C4-auteuil-duc-d-anjou-stp"", ""https://www.zeturf.fr/fr/course-du-jour/2024-03-31/R1C6-auteuil-fleuret-stp"", ""https://www.zeturf.fr/fr/course-du-jour/2024-04-21/R1C6-auteuil-jean-stern-stp"", ""https://www.zeturf.fr/fr/course-du-jour/2024-05-19/R1C7-auteuil-ferdinand-dufaure-stp"", ""https://www.zeturf.fr/fr/course-du-jour/2024-11-17/R4C4-auteuil-la-haye-jousselin-stp"", ""https://www.zeturf.fr/fr/course-du-jour/2024-12-08/R4C4-auteuil-georges-courtois-stp"", ""https://www.zeturf.fr/fr/course-du-jour/2025-01-19/R4C9-pau-grand-prix-de-pau-stp"", ""https://www.zeturf.fr/fr/course-du-jour/2025-02-15/R1C7-auteuil-robert-de-clermont-tonnerre"", ""https://www.zeturf.fr/fr/course-du-jour/2025-03-08/R1C2-auteuil-troytown-stp"", ""https://www.zeturf.fr/fr/course-du-jour/2025-05-17/R1C7-auteuil-grande-course-de-haies-d-auteuil-hurdle-racing-tv"", ""https://www.zeturf.fr/fr/course-du-jour/2025-09-27/R1C7-auteuil-compiegne-de-hurdle"", ""https://www.zeturf.fr/fr/course-du-jour/2025-10-18/R1C6-auteuil-carmarthen-hurdle"", ""https://www.zeturf.fr/fr/course-du-jour/2025-11-15/R1C8-auteuil-serge-landon-g-p-d-automne-hurdle"", ""https://www.zeturf.fr/fr/course-du-jour/2025-12-07/R4C6-auteuil-georges-courtois-stp"", ""https://www.zeturf.fr/fr/course-du-jour/2026-02-14/R1C6-auteuil-gsc-masters-prix-robert-de-clermont-tonnerre"", ""https://www.zeturf.fr/fr/course-du-jour/2026-03-07/R1C6-auteuil-grand-steeple-chase-masters-prix-troytown"", ""https://www.zeturf.fr/fr/course-du-jour/2026-04-25/R1C6-auteuil-grand-steeple-chase-masters-prix-ingre"", ""https://www.zeturf.fr/fr/course-du-jour/2026-05-17/R1C5-auteuil-ferdinand-dufaure-stp"", ""https://www.zeturf.fr/fr/course-du-jour/2026-05-17/R1C5-auteuil-grand-steeple-chase-de-paris"", ""https://www.zeturf.fr/fr/course-du-jour/2026-05-30/R1C4-auteuil-drags-des-stp"", ""https://www.zeturf.fr/fr/course-du-jour/2026-05-30/R1C4-auteuil-prix-des-drags""]","[""france""]",23,18,5,0,0,18,2026-05-30,16181,Drags (des) Stp,G2,,,,True,confirm_batch_inclusion,项目负责人确认纳入首批；该决定不豁免身份补强、完整资料和完整生涯门禁。
france,5,external:89d10437c9059728ee9be5efba05047a4f0c664ea2469c153bd1cc326328627f,TOSCANA DU BERLAIS,"[""TOSCANA DU BERLAIS""]",strong_external_identity,ready_for_profile_resolution,[],"[""zeturf:563827""]",zeturf,"[""zeturf""]","[""https://www.zeturf.fr/fr/course-du-jour/2023-10-28/R1C7-compiegne-grand-steeple-chase-de-compiegne"", ""https://www.zeturf.fr/fr/course-du-jour/2023-10-28/R1C7-compiegne-leopold-d-orsetti-hurdle-g-c-de-haies-de-compiegne"", ""https://www.zeturf.fr/fr/course-du-jour/2023-12-02/R3C7-auteuil-georges-courtois-stp"", ""https://www.zeturf.fr/fr/course-du-jour/2024-02-24/R1C7-auteuil-robert-de-clermont-tonnerre"", ""https://www.zeturf.fr/fr/course-du-jour/2024-03-17/R1C5-auteuil-d-indy-hurdle"", ""https://www.zeturf.fr/fr/course-du-jour/2024-04-27/R1C4-auteuil-ingre-stp"", ""https://www.zeturf.fr/fr/course-du-jour/2024-05-19/R1C5-auteuil-ferdinand-dufaure-stp"", ""https://www.zeturf.fr/fr/course-du-jour/2024-06-08/R3C5-auteuil-drags-des-stp"", ""https://www.zeturf.fr/fr/course-du-jour/2024-09-28/R1C6-auteuil-richard-et-robert-hennessy-stp"", ""https://www.zeturf.fr/fr/course-du-jour/2024-10-19/R1C6-auteuil-heros-xii-stp"", ""https://www.zeturf.fr/fr/course-du-jour/2024-11-02/R1C7-compiegne-grand-steeple-chase-de-compiegne"", ""https://www.zeturf.fr/fr/course-du-jour/2024-12-08/R4C7-auteuil-georges-courtois-stp"", ""https://www.zeturf.fr/fr/course-du-jour/2025-03-30/R1C6-auteuil-murat-stp"", ""https://www.zeturf.fr/fr/course-du-jour/2025-04-26/R1C4-auteuil-ingre-stp"", ""https://www.zeturf.fr/fr/course-du-jour/2025-05-18/R1C4-auteuil-grand-steeple-chase-de-paris"", ""https://www.zeturf.fr/fr/course-du-jour/2025-09-27/R1C4-auteuil-richard-et-robert-hennessy-stp"", ""https://www.zeturf.fr/fr/course-du-jour/2025-10-18/R1C5-auteuil-heros-xii-stp"", ""https://www.zeturf.fr/fr/course-du-jour/2025-11-16/R3C7-auteuil-la-haye-jousselin-stp"", ""https://www.zeturf.fr/fr/course-du-jour/2026-03-28/R1C6-auteuil-grand-steeple-chase-masters-prix-murat"", ""https://www.zeturf.fr/fr/course-du-jour/2026-04-25/R1C6-auteuil-grand-steeple-chase-masters-prix-ingre"", ""https://www.zeturf.fr/fr/course-du-jour/2026-05-17/R1C5-auteuil-ferdinand-dufaure-stp"", ""https://www.zeturf.fr/fr/course-du-jour/2026-05-17/R1C5-auteuil-grand-steeple-chase-de-paris""]","[""france""]",22,18,4,0,0,18,2026-05-17,16188,Grand Steeple-Chase de Paris,G1,,,,True,confirm_batch_inclusion,项目负责人确认纳入首批；该决定不豁免身份补强、完整资料和完整生涯门禁。
france,6,external:12e6d810c563c402f615c2ece4d753e9dc3b23893ee8330f84d88eb9377497eb,AVENTURE,"[""AVENTURE""]",strong_external_identity,ready_for_profile_resolution,[],"[""zeturf:645456""]",zeturf,"[""zeturf""]","[""https://www.zeturf.fr/fr/course-du-jour/2023-10-18/R3C3-deauville-des-reservoirs"", ""https://www.zeturf.fr/fr/course-du-jour/2024-06-02/R1C6-chantilly-de-royaumont"", ""https://www.zeturf.fr/fr/course-du-jour/2024-06-16/R1C5-chantilly-bertrand-du-breuil-longines"", ""https://www.zeturf.fr/fr/course-du-jour/2024-08-17/R1C5-deauville-de-pomone"", ""https://www.zeturf.fr/fr/course-du-jour/2024-09-15/R1C5-parislongchamp-niel-qatar"", ""https://www.zeturf.fr/fr/course-du-jour/2024-10-06/R1C5-parislongchamp-prix-de-l-arc-de-triomphe"", ""https://www.zeturf.fr/fr/course-du-jour/2025-04-27/R1C4-parislongchamp-allez-france"", ""https://www.zeturf.fr/fr/course-du-jour/2025-05-19/R1C4-saint-cloud-corrida"", ""https://www.zeturf.fr/fr/course-du-jour/2025-06-29/R1C7-saint-cloud-saint-cloud-g-p-de"", ""https://www.zeturf.fr/fr/course-du-jour/2025-09-07/R1C5-parislongchamp-vermeille-qatar"", ""https://www.zeturf.fr/fr/course-du-jour/2025-10-05/R1C5-parislongchamp-arc-de-triomphe-qatar"", ""https://www.zeturf.fr/fr/course-du-jour/2026-04-26/R1C5-parislongchamp-prix-ganay"", ""https://www.zeturf.fr/fr/course-du-jour/2026-05-24/R1C4-parislongchamp-corrida"", ""https://www.zeturf.fr/fr/course-du-jour/2026-05-24/R1C4-parislongchamp-prix-corrida"", ""https://www.zeturf.fr/fr/course-du-jour/2026-07-05/R1C5-saint-cloud-grand-prix-de-saint-cloud""]","[""france""]",16,15,1,0,0,15,2026-07-05,728,GRAND PRIX DE SAINT -CLOUD,G1,,,,True,confirm_batch_inclusion,项目负责人确认纳入首批；该决定不豁免身份补强、完整资料和完整生涯门禁。
france,7,external:78b72ac9424db2a622a200c03008d3b518c6457efd1b387b4cabfaf17d6a674e,SEVENNA'S KNIGHT,"[""SEVENNA'S KNIGHT""]",strong_external_identity,ready_for_profile_resolution,[],"[""zeturf:591206""]",zeturf,"[""zeturf""]","[""https://www.zeturf.fr/fr/course-du-jour/2023-08-31/R1C4-parislongchamp-gerald-de-geoffre-lutece"", ""https://www.zeturf.fr/fr/course-du-jour/2023-09-30/R1C1-parislongchamp-chaudenay-qatar"", ""https://www.zeturf.fr/fr/course-du-jour/2024-04-28/R1C2-parislongchamp-barbeville"", ""https://www.zeturf.fr/fr/course-du-jour/2024-05-26/R1C3-parislongchamp-d-ispahan"", ""https://www.zeturf.fr/fr/course-du-jour/2024-06-30/R1C4-saint-cloud-criterium-de-saint-cloud"", ""https://www.zeturf.fr/fr/course-du-jour/2024-06-30/R1C4-saint-cloud-eugene-adam"", ""https://www.zeturf.fr/fr/course-du-jour/2024-09-08/R1C6-parislongchamp-gladiateur"", ""https://www.zeturf.fr/fr/course-du-jour/2024-10-06/R1C5-parislongchamp-prix-de-l-arc-de-triomphe"", ""https://www.zeturf.fr/fr/course-du-jour/2024-10-27/R1C7-saint-cloud-flore"", ""https://www.zeturf.fr/fr/course-du-jour/2025-03-16/R1C2-saint-cloud-exbury"", ""https://www.zeturf.fr/fr/course-du-jour/2025-05-04/R1C3-parislongchamp-d-hedouville"", ""https://www.zeturf.fr/fr/course-du-jour/2025-05-25/R1C6-parislongchamp-vicomtesse-vigier"", ""https://www.zeturf.fr/fr/course-du-jour/2025-08-09/R1C1-deauville-de-reux"", ""https://www.zeturf.fr/fr/course-du-jour/2025-08-24/R1C1-deauville-jean-romanet-sumbe"", ""https://www.zeturf.fr/fr/course-du-jour/2025-10-26/R1C8-saint-cloud-royal-oak""]","[""france""]",15,15,0,0,0,15,2025-10-26,1816,Royal Oak,G1,,,,True,confirm_batch_inclusion,项目负责人确认纳入首批；该决定不豁免身份补强、完整资料和完整生涯门禁。
france,8,external:ca10396ba54f80cf9013368d606b4170742745b0c3501ded5e1e6dbdf191b903,FIRST LOOK,"[""FIRST LOOK""]",strong_external_identity,ready_for_profile_resolution,[],"[""zeturf:652741""]",zeturf,"[""zeturf""]","[""https://www.zeturf.fr/fr/course-du-jour/2024-04-07/R1C5-parislongchamp-la-force"", ""https://www.zeturf.fr/fr/course-du-jour/2024-05-11/R4C3-chantilly-de-guiche"", ""https://www.zeturf.fr/fr/course-du-jour/2024-06-02/R1C5-chantilly-du-jockey-club-qatar"", ""https://www.zeturf.fr/fr/course-du-jour/2024-09-08/R1C2-parislongchamp-gladiateur"", ""https://www.zeturf.fr/fr/course-du-jour/2024-10-05/R1C8-parislongchamp-dollar-qatar"", ""https://www.zeturf.fr/fr/course-du-jour/2025-03-16/R1C2-saint-cloud-exbury"", ""https://www.zeturf.fr/fr/course-du-jour/2025-08-16/R1C1-deauville-gontaut-biron-hong-kong-jockey-club"", ""https://www.zeturf.fr/fr/course-du-jour/2025-10-04/R1C8-parislongchamp-dollar-qatar"", ""https://www.zeturf.fr/fr/course-du-jour/2026-03-15/R1C6-saint-cloud-prix-exbury"", ""https://www.zeturf.fr/fr/course-du-jour/2026-04-05/R1C6-parislongchamp-prix-d-harcourt"", ""https://www.zeturf.fr/fr/course-du-jour/2026-04-26/R1C5-parislongchamp-prix-ganay""]","[""france""]",14,14,0,0,0,14,2026-04-26,15356,Ganay,G1,,,,True,confirm_batch_inclusion,项目负责人确认纳入首批；该决定不豁免身份补强、完整资料和完整生涯门禁。
france,9,external:e01de27416dacf5f0b955f6c2947bad95f637a5199fbce7d3fa25a5edca810ca,HORIZON DORE,"[""HORIZON DORE""]",strong_external_identity,ready_for_profile_resolution,[],"[""zeturf:589256""]",zeturf,"[""zeturf""]","[""https://www.zeturf.fr/fr/course-du-jour/2023-04-09/R1C4-parislongchamp-la-force"", ""https://www.zeturf.fr/fr/course-du-jour/2023-05-09/R1C4-chantilly-de-guiche"", ""https://www.zeturf.fr/fr/course-du-jour/2023-07-08/R4C5-saint-cloud-eugene-adam"", ""https://www.zeturf.fr/fr/course-du-jour/2023-09-03/R1C3-parislongchamp-la-coupe-de-maisons-laffitte"", ""https://www.zeturf.fr/fr/course-du-jour/2023-09-30/R1C8-parislongchamp-dollar-qatar"", ""https://www.zeturf.fr/fr/course-du-jour/2024-03-16/R1C5-saint-cloud-exbury"", ""https://www.zeturf.fr/fr/course-du-jour/2024-04-07/R1C6-parislongchamp-d-harcourt"", ""https://www.zeturf.fr/fr/course-du-jour/2024-04-28/R1C5-parislongchamp-ganay"", ""https://www.zeturf.fr/fr/course-du-jour/2024-05-26/R1C5-parislongchamp-d-ispahan"", ""https://www.zeturf.fr/fr/course-du-jour/2025-04-06/R1C6-parislongchamp-d-harcourt"", ""https://www.zeturf.fr/fr/course-du-jour/2025-04-27/R1C5-parislongchamp-ganay"", ""https://www.zeturf.fr/fr/course-du-jour/2025-05-25/R1C5-parislongchamp-d-ispahan"", ""https://www.zeturf.fr/fr/course-du-jour/2026-03-15/R1C6-saint-cloud-prix-exbury""]","[""france""]",14,14,0,0,0,14,2026-03-15,15355,Exbury,G3,,,,True,confirm_batch_inclusion,项目负责人确认纳入首批；该决定不豁免身份补强、完整资料和完整生涯门禁。
france,10,external:abd5b9eb66ff95a1ad5a934cb4e43b86df786a89ba35320b4308c6ff9110de5c,MARHABA YA SANAFI,"[""MARHABA YA SANAFI""]",strong_external_identity,ready_for_profile_resolution,[],"[""zeturf:593052""]",zeturf,"[""zeturf""]","[""https://www.zeturf.fr/fr/course-du-jour/2023-04-16/R1C4-parislongchamp-de-fontainebleau"", ""https://www.zeturf.fr/fr/course-du-jour/2023-05-14/R1C5-parislongchamp-poule-d-essai-des-poulains-emirates"", ""https://www.zeturf.fr/fr/course-du-jour/2023-06-04/R1C5-chantilly-de-royaumont"", ""https://www.zeturf.fr/fr/course-du-jour/2023-08-13/R1C5-deauville-gontaut-biron-hong-kong-jockey-club"", ""https://www.zeturf.fr/fr/course-du-jour/2023-09-10/R1C6-parislongchamp-niel-qatar"", ""https://www.zeturf.fr/fr/course-du-jour/2024-04-01/R1C6-saint-cloud-edmond-blanc"", ""https://www.zeturf.fr/fr/course-du-jour/2024-05-01/R1C5-saint-cloud-du-muguet"", ""https://www.zeturf.fr/fr/course-du-jour/2024-05-26/R1C5-parislongchamp-d-ispahan"", ""https://www.zeturf.fr/fr/course-du-jour/2024-06-16/R1C8-chantilly-bertrand-du-breuil-longines"", ""https://www.zeturf.fr/fr/course-du-jour/2024-07-14/R1C7-chantilly-messidor"", ""https://www.zeturf.fr/fr/course-du-jour/2024-08-11/R1C4-deauville-jacques-le-marois-haras-de-fresnay-le-buffard"", ""https://www.zeturf.fr/fr/course-du-jour/2024-10-05/R1C6-parislongchamp-daniel-wildenstein-qatar"", ""https://www.zeturf.fr/fr/course-du-jour/2024-10-27/R1C1-saint-cloud-flore"", ""https://www.zeturf.fr/fr/course-du-jour/2025-03-29/R1C6-saint-cloud-edmond-blanc"", ""https://www.zeturf.fr/fr/course-du-jour/2025-06-15/R1C9-chantilly-bertrand-du-breuil-longines"", ""https://www.zeturf.fr/fr/course-du-jour/2025-07-20/R1C7-chantilly-messidor"", ""https://www.zeturf.fr/fr/course-du-jour/2025-09-07/R1C4-parislongchamp-moulin-de-longchamp"", ""https://www.zeturf.fr/fr/course-du-jour/2025-10-04/R1C6-parislongchamp-daniel-wildenstein-qatar""]","[""france""]",18,14,4,0,0,14,2025-10-04,1178,Daniel Wildenstein [Qatar],G2,,,,True,confirm_batch_inclusion,项目负责人确认纳入首批；该决定不豁免身份补强、完整资料和完整生涯门禁。
hong_kong,1,external:3ef5cfb68064b5bb5d6075390b113ca27995f460864b472c31000aeae5484dde,EAGLE WAY,"[""EAGLE WAY""]",strong_external_identity,ready_for_profile_resolution,[],"[""hkjc:hk_2016_a093""]",hkjc,"[""hkjc""]","[""https://racing.hkjc.com/racing/Info/Meeting/Results/English/Local/20180506/ST/4"", ""https://racing.hkjc.com/racing/Info/Meeting/Results/English/Local/20181001/ST/8"", ""https://racing.hkjc.com/racing/Info/Meeting/Results/English/Local/20181021/ST/8"", ""https://racing.hkjc.com/racing/Info/Meeting/Results/English/Local/20181209/ST/4"", ""https://racing.hkjc.com/racing/Info/Meeting/Results/English/Local/20191020/ST/8"", ""https://racing.hkjc.com/racing/Info/Meeting/Results/English/Local/20191103/ST/7"", ""https://racing.hkjc.com/racing/Info/meeting/Results/English/Local/20180225/ST/8"", ""https://racing.hkjc.com/racing/Info/meeting/Results/English/Local/20180429/ST/8"", ""https://racing.hkjc.com/racing/Info/meeting/Results/English/Local/20180527/ST/8"", ""https://racing.hkjc.com/racing/Info/meeting/Results/English/Local/20181104/ST/7"", ""https://racing.hkjc.com/racing/Info/meeting/Results/English/Local/20181118/ST/7"", ""https://racing.hkjc.com/racing/Info/meeting/Results/English/Local/20190109/HV/6"", ""https://racing.hkjc.com/racing/info/meeting/Results/English/Local/20171001/ST/8"", ""https://racing.hkjc.com/racing/info/meeting/Results/English/Local/20180110/HV/6"", ""https://racing.hkjc.com/racing/info/meeting/Results/English/Local/20180204/ST/3"", ""https://racing.hkjc.com/racing/info/meeting/Results/English/Local/20190217/ST/7"", ""https://racing.hkjc.com/racing/information/English/Racing/LocalResults.aspx?RaceDate=2019/04/07&Racecourse=ST&RaceNo=7"", ""https://racing.hkjc.com/racing/information/English/Racing/LocalResults.aspx?RaceDate=2019/04/28&Racecourse=ST&RaceNo=8"", ""https://racing.hkjc.com/racing/information/English/Racing/LocalResults.aspx?RaceDate=2019/05/26&Racecourse=ST&RaceNo=8"", ""https://racing.hkjc.com/racing/information/English/Racing/LocalResults.aspx?RaceDate=2019/11/17&Racecourse=ST&RaceNo=7"", ""https://racing.hkjc.com/racing/information/English/Racing/LocalResults.aspx?RaceDate=2019/12/08&Racecourse=ST&RaceNo=4"", ""https://racing.hkjc.com/racing/information/English/Racing/LocalResults.aspx?RaceDate=2020/01/08&Racecourse=HV&RaceNo=6"", ""https://racing.hkjc.com/racing/information/English/Racing/LocalResults.aspx?RaceDate=2020/01/27&Racecourse=ST&RaceNo=4"", ""https://racing.hkjc.com/racing/information/English/Racing/LocalResults.aspx?RaceDate=2020/04/26&Racecourse=ST&RaceNo=8"", ""https://racing.hkjc.com/racing/information/English/Racing/LocalResults.aspx?RaceDate=2020/05/03&Racecourse=ST&RaceNo=3"", ""https://racing.hkjc.com/racing/information/English/Racing/LocalResults.aspx?RaceDate=2020/05/24&Racecourse=ST&RaceNo=8"", ""https://racing.hkjc.com/racing/information/English/racing/LocalResults.aspx?RaceDate=2020/02/16&Racecourse=ST&RaceNo=5""]","[""hong_kong""]",32,32,0,0,0,32,2020-05-24,1862,Hong Kong Champions & Chater Cup [Standard Chartered],G1,,,,True,confirm_batch_inclusion,项目负责人确认纳入首批；该决定不豁免身份补强、完整资料和完整生涯门禁。
hong_kong,2,external:a3a02b258028a99e3ab562aac3e323f337eb330899a75c71c8a93ea1252cf79c,SOUTHERN LEGEND,"[""SOUTHERN LEGEND""]",strong_external_identity,ready_for_profile_resolution,[],"[""hkjc:hk_2016_a252""]",hkjc,"[""hkjc""]","[""https://racing.hkjc.com/racing/Info/Meeting/Results/English/Local/20181001/ST/8"", ""https://racing.hkjc.com/racing/Info/Meeting/Results/English/Local/20191001/ST/7"", ""https://racing.hkjc.com/racing/Info/Meeting/Results/English/Local/20191020/ST/8"", ""https://racing.hkjc.com/racing/Info/Meeting/Results/English/Local/20191103/ST/7"", ""https://racing.hkjc.com/racing/Info/meeting/Results/English/Local/20180101/ST/10"", ""https://racing.hkjc.com/racing/Info/meeting/Results/English/Local/20181118/ST/6"", ""https://racing.hkjc.com/racing/Info/meeting/Results/English/Local/20190109/HV/6"", ""https://racing.hkjc.com/racing/Info/meeting/Results/English/Local/20190120/ST/7"", ""https://racing.hkjc.com/racing/info/meeting/Results/English/Local/20180128/ST/8"", ""https://racing.hkjc.com/racing/info/meeting/Results/English/Local/20180225/ST/9"", ""https://racing.hkjc.com/racing/info/meeting/Results/English/Local/20180429/ST/6"", ""https://racing.hkjc.com/racing/info/meeting/Results/English/Local/20181209/ST/7"", ""https://racing.hkjc.com/racing/info/meeting/Results/English/Local/20190217/ST/7"", ""https://racing.hkjc.com/racing/information/English/Racing/LocalResults.aspx?RaceDate=2019/11/17&Racecourse=ST&RaceNo=7"", ""https://racing.hkjc.com/racing/information/English/Racing/LocalResults.aspx?RaceDate=2019/12/08&Racecourse=ST&RaceNo=4"", ""https://racing.hkjc.com/racing/information/English/Racing/LocalResults.aspx?RaceDate=2020/01/08&Racecourse=HV&RaceNo=6"", ""https://racing.hkjc.com/racing/information/English/Racing/LocalResults.aspx?RaceDate=2020/01/19&Racecourse=ST&RaceNo=5"", ""https://racing.hkjc.com/racing/information/English/Racing/LocalResults.aspx?RaceDate=2020/04/05&Racecourse=ST&RaceNo=3"", ""https://racing.hkjc.com/racing/information/English/Racing/LocalResults.aspx?RaceDate=2020/04/26&Racecourse=ST&RaceNo=7"", ""https://racing.hkjc.com/racing/information/English/Racing/LocalResults.aspx?RaceDate=2020/05/31&Racecourse=ST&RaceNo=9"", ""https://racing.hkjc.com/racing/information/English/Racing/LocalResults.aspx?RaceDate=2020/06/21&Racecourse=ST&RaceNo=8"", ""https://racing.hkjc.com/racing/information/English/Racing/LocalResults.aspx?RaceDate=2021/01/24&Racecourse=ST&RaceNo=7"", ""https://racing.hkjc.com/racing/information/English/racing/LocalResults.aspx?RaceDate=2020/02/16&Racecourse=ST&RaceNo=5""]","[""hong_kong""]",28,28,0,0,0,28,2021-01-24,1886,Stewards’ Cup,G1,,,,True,confirm_batch_inclusion,项目负责人确认纳入首批；该决定不豁免身份补强、完整资料和完整生涯门禁。
hong_kong,3,external:4d90a7e0f7e33f1563f46cb9ecc4f112df9827646c687b9c22c726141402e5ed,BEAUTY GENERATION,"[""BEAUTY GENERATION""]",strong_external_identity,ready_for_profile_resolution,[],"[""hkjc:hk_2015_v380""]",hkjc,"[""hkjc""]","[""https://racing.hkjc.com/racing/Info/Meeting/Results/English/Local/20181001/ST/8"", ""https://racing.hkjc.com/racing/Info/Meeting/Results/English/Local/20181021/ST/8"", ""https://racing.hkjc.com/racing/Info/Meeting/Results/English/Local/20191001/ST/7"", ""https://racing.hkjc.com/racing/Info/Meeting/Results/English/Local/20191020/ST/8"", ""https://racing.hkjc.com/racing/Info/meeting/Results/English/Local/20181118/ST/6"", ""https://racing.hkjc.com/racing/Info/meeting/Results/English/Local/20190120/ST/7"", ""https://racing.hkjc.com/racing/info/meeting/Results/English/Local/20171001/ST/8"", ""https://racing.hkjc.com/racing/info/meeting/Results/English/Local/20180128/ST/8"", ""https://racing.hkjc.com/racing/info/meeting/Results/English/Local/20180225/ST/9"", ""https://racing.hkjc.com/racing/info/meeting/Results/English/Local/20180429/ST/6"", ""https://racing.hkjc.com/racing/info/meeting/Results/English/Local/20181209/ST/7"", ""https://racing.hkjc.com/racing/info/meeting/Results/English/Local/20190217/ST/6"", ""https://racing.hkjc.com/racing/info/meeting/results/English/Local/20180408/ST/8"", ""https://racing.hkjc.com/racing/information/English/Racing/LocalResults.aspx?RaceDate=2019/04/07&Racecourse=ST&RaceNo=7"", ""https://racing.hkjc.com/racing/information/English/Racing/LocalResults.aspx?RaceDate=2019/04/28&Racecourse=ST&RaceNo=7"", ""https://racing.hkjc.com/racing/information/English/Racing/LocalResults.aspx?RaceDate=2019/11/17&Racecourse=ST&RaceNo=6"", ""https://racing.hkjc.com/racing/information/English/Racing/LocalResults.aspx?RaceDate=2019/12/08&Racecourse=ST&RaceNo=7"", ""https://racing.hkjc.com/racing/information/English/Racing/LocalResults.aspx?RaceDate=2020/01/19&Racecourse=ST&RaceNo=5"", ""https://racing.hkjc.com/racing/information/English/Racing/LocalResults.aspx?RaceDate=2020/02/16&Racecourse=ST&RaceNo=7"", ""https://racing.hkjc.com/racing/information/English/Racing/LocalResults.aspx?RaceDate=2020/04/05&Racecourse=ST&RaceNo=3"", ""https://racing.hkjc.com/racing/information/English/Racing/LocalResults.aspx?RaceDate=2020/04/26&Racecourse=ST&RaceNo=7""]","[""hong_kong""]",25,25,0,0,0,25,2020-04-26,1860,Champions Mile [FWD],G1,,,,True,confirm_batch_inclusion,项目负责人确认纳入首批；该决定不豁免身份补强、完整资料和完整生涯门禁。
hong_kong,4,external:5f4ee571da08d11ea5ebe2378653cea5473be89aef94213a9a5978ce8310ab82,TIME WARP,"[""TIME WARP""]",strong_external_identity,ready_for_profile_resolution,[],"[""hkjc:hk_2016_a066""]",hkjc,"[""hkjc""]","[""https://racing.hkjc.com/racing/Info/Meeting/Results/English/Local/20181021/ST/8"", ""https://racing.hkjc.com/racing/Info/Meeting/Results/English/Local/20191103/ST/7"", ""https://racing.hkjc.com/racing/Info/meeting/Results/English/Local/20180225/ST/8"", ""https://racing.hkjc.com/racing/Info/meeting/Results/English/Local/20180429/ST/8"", ""https://racing.hkjc.com/racing/Info/meeting/Results/English/Local/20181104/ST/7"", ""https://racing.hkjc.com/racing/Info/meeting/Results/English/Local/20181118/ST/7"", ""https://racing.hkjc.com/racing/Info/meeting/Results/English/Local/20190109/HV/6"", ""https://racing.hkjc.com/racing/info/meeting/Results/English/Local/20171001/ST/8"", ""https://racing.hkjc.com/racing/info/meeting/Results/English/Local/20180128/ST/8"", ""https://racing.hkjc.com/racing/info/meeting/Results/English/Local/20181209/ST/8"", ""https://racing.hkjc.com/racing/info/meeting/Results/English/Local/20190127/ST/7"", ""https://racing.hkjc.com/racing/info/meeting/Results/English/Local/20190217/ST/7"", ""https://racing.hkjc.com/racing/info/meeting/results/English/Local/20180408/ST/8"", ""https://racing.hkjc.com/racing/information/English/Racing/LocalResults.aspx?RaceDate=2019/04/28&Racecourse=ST&RaceNo=8"", ""https://racing.hkjc.com/racing/information/English/Racing/LocalResults.aspx?RaceDate=2019/05/26&Racecourse=ST&RaceNo=8"", ""https://racing.hkjc.com/racing/information/English/Racing/LocalResults.aspx?RaceDate=2019/06/23&Racecourse=ST&RaceNo=8"", ""https://racing.hkjc.com/racing/information/English/Racing/LocalResults.aspx?RaceDate=2019/11/17&Racecourse=ST&RaceNo=7"", ""https://racing.hkjc.com/racing/information/English/Racing/LocalResults.aspx?RaceDate=2019/12/08&Racecourse=ST&RaceNo=8"", ""https://racing.hkjc.com/racing/information/English/Racing/LocalResults.aspx?RaceDate=2020/01/08&Racecourse=HV&RaceNo=6"", ""https://racing.hkjc.com/racing/information/English/Racing/LocalResults.aspx?RaceDate=2020/01/27&Racecourse=ST&RaceNo=4"", ""https://racing.hkjc.com/racing/information/English/Racing/LocalResults.aspx?RaceDate=2020/04/26&Racecourse=ST&RaceNo=8"", ""https://racing.hkjc.com/racing/information/English/Racing/LocalResults.aspx?RaceDate=2020/05/24&Racecourse=ST&RaceNo=8"", ""https://racing.hkjc.com/racing/information/English/racing/LocalResults.aspx?RaceDate=2020/02/16&Racecourse=ST&RaceNo=5""]","[""hong_kong""]",26,25,0,1,0,25,2020-05-24,1862,Hong Kong Champions & Chater Cup [Standard Chartered],G1,,,,True,confirm_batch_inclusion,项目负责人确认纳入首批；该决定不豁免身份补强、完整资料和完整生涯门禁。
hong_kong,5,external:5ea1e3e66b02c824e67671e0bfc4bc22ad6bba112b93559ba8a05b378ebe38e1,EXULTANT,"[""EXULTANT""]",strong_external_identity,ready_for_profile_resolution,[],"[""hkjc:hk_2017_b101""]",hkjc,"[""hkjc""]","[""https://racing.hkjc.com/racing/Info/Meeting/Results/English/Local/20180506/ST/4"", ""https://racing.hkjc.com/racing/Info/Meeting/Results/English/Local/20181021/ST/8"", ""https://racing.hkjc.com/racing/Info/Meeting/Results/English/Local/20181209/ST/4"", ""https://racing.hkjc.com/racing/Info/Meeting/Results/English/Local/20191103/ST/7"", ""https://racing.hkjc.com/racing/Info/meeting/Results/English/Local/20180527/ST/8"", ""https://racing.hkjc.com/racing/Info/meeting/Results/English/Local/20181104/ST/7"", ""https://racing.hkjc.com/racing/Info/meeting/Results/English/Local/20181118/ST/7"", ""https://racing.hkjc.com/racing/info/meeting/Results/English/Local/20180624/ST/3"", ""https://racing.hkjc.com/racing/info/meeting/Results/English/Local/20190127/ST/7"", ""https://racing.hkjc.com/racing/info/meeting/Results/English/Local/20190217/ST/7"", ""https://racing.hkjc.com/racing/information/English/Racing/LocalResults.aspx?RaceDate=2019/04/28&Racecourse=ST&RaceNo=8"", ""https://racing.hkjc.com/racing/information/English/Racing/LocalResults.aspx?RaceDate=2019/05/26&Racecourse=ST&RaceNo=8"", ""https://racing.hkjc.com/racing/information/English/Racing/LocalResults.aspx?RaceDate=2019/11/17&Racecourse=ST&RaceNo=7"", ""https://racing.hkjc.com/racing/information/English/Racing/LocalResults.aspx?RaceDate=2019/12/08&Racecourse=ST&RaceNo=4"", ""https://racing.hkjc.com/racing/information/English/Racing/LocalResults.aspx?RaceDate=2020/01/27&Racecourse=ST&RaceNo=4"", ""https://racing.hkjc.com/racing/information/English/Racing/LocalResults.aspx?RaceDate=2020/04/26&Racecourse=ST&RaceNo=8"", ""https://racing.hkjc.com/racing/information/English/Racing/LocalResults.aspx?RaceDate=2020/05/24&Racecourse=ST&RaceNo=8"", ""https://racing.hkjc.com/racing/information/English/racing/LocalResults.aspx?RaceDate=2020/02/16&Racecourse=ST&RaceNo=5""]","[""hong_kong""]",21,21,0,0,0,21,2020-05-24,1862,Hong Kong Champions & Chater Cup [Standard Chartered],G1,,,,True,confirm_batch_inclusion,项目负责人确认纳入首批；该决定不豁免身份补强、完整资料和完整生涯门禁。
hong_kong,6,external:4656b44d692aa68450167592098ef999e27d1037576b006a179d1a40e5ed8af4,SEASONS BLOOM,"[""SEASONS BLOOM""]",strong_external_identity,ready_for_profile_resolution,[],"[""hkjc:hk_2015_v410""]",hkjc,"[""hkjc""]","[""https://racing.hkjc.com/racing/Info/Meeting/Results/English/Local/20181001/ST/8"", ""https://racing.hkjc.com/racing/Info/Meeting/Results/English/Local/20181021/ST/8"", ""https://racing.hkjc.com/racing/Info/Meeting/Results/English/Local/20191020/ST/3"", ""https://racing.hkjc.com/racing/Info/meeting/Results/English/Local/20180225/ST/8"", ""https://racing.hkjc.com/racing/Info/meeting/Results/English/Local/20181118/ST/6"", ""https://racing.hkjc.com/racing/info/meeting/Results/English/Local/20171001/ST/8"", ""https://racing.hkjc.com/racing/info/meeting/Results/English/Local/20180128/ST/8"", ""https://racing.hkjc.com/racing/info/meeting/Results/English/Local/20180429/ST/6"", ""https://racing.hkjc.com/racing/info/meeting/Results/English/Local/20181209/ST/8"", ""https://racing.hkjc.com/racing/info/meeting/Results/English/Local/20190217/ST/6"", ""https://racing.hkjc.com/racing/information/English/Racing/LocalResults.aspx?RaceDate=2019/04/07&Racecourse=ST&RaceNo=7"", ""https://racing.hkjc.com/racing/information/English/Racing/LocalResults.aspx?RaceDate=2019/04/28&Racecourse=ST&RaceNo=7"", ""https://racing.hkjc.com/racing/information/English/Racing/LocalResults.aspx?RaceDate=2019/06/23&Racecourse=ST&RaceNo=8"", ""https://racing.hkjc.com/racing/information/English/Racing/LocalResults.aspx?RaceDate=2019/12/08&Racecourse=ST&RaceNo=5"", ""https://racing.hkjc.com/racing/information/English/Racing/LocalResults.aspx?RaceDate=2020/01/01&Racecourse=ST&RaceNo=7""]","[""hong_kong""]",19,19,0,0,0,19,2020-01-01,1861,Chinese Club Challenge Cup (H),G3,,,,True,confirm_batch_inclusion,项目负责人确认纳入首批；该决定不豁免身份补强、完整资料和完整生涯门禁。
hong_kong,7,external:2bfeada61e6a9bdd3259b64a21f70db55897165a0d11c9a2dd0c3e15d363383d,WINNER'S WAY,"[""WINNER'S WAY""]",strong_external_identity,ready_for_profile_resolution,[],"[""hkjc:hk_2016_a025""]",hkjc,"[""hkjc""]","[""https://racing.hkjc.com/racing/Info/Meeting/Results/English/Local/20181001/ST/7"", ""https://racing.hkjc.com/racing/Info/Meeting/Results/English/Local/20181021/ST/7"", ""https://racing.hkjc.com/racing/Info/Meeting/Results/English/Local/20181209/ST/5"", ""https://racing.hkjc.com/racing/Info/Meeting/Results/English/Local/20191001/ST/7"", ""https://racing.hkjc.com/racing/Info/meeting/Results/English/Local/20180101/ST/10"", ""https://racing.hkjc.com/racing/Info/meeting/Results/English/Local/20180527/ST/4"", ""https://racing.hkjc.com/racing/Info/meeting/Results/English/Local/20181118/ST/8"", ""https://racing.hkjc.com/racing/info/meeting/Results/English/Local/20171001/ST/8"", ""https://racing.hkjc.com/racing/info/meeting/Results/English/Local/20180408/ST/7"", ""https://racing.hkjc.com/racing/info/meeting/Results/English/Local/20180624/ST/7"", ""https://racing.hkjc.com/racing/info/meeting/Results/English/Local/20190101/ST/9"", ""https://racing.hkjc.com/racing/info/meeting/Results/English/Local/20190120/ST/5"", ""https://racing.hkjc.com/racing/info/meeting/Results/English/Local/20190217/ST/6"", ""https://racing.hkjc.com/racing/information/English/Racing/LocalResults.aspx?RaceDate=2019/04/07&Racecourse=ST&RaceNo=3"", ""https://racing.hkjc.com/racing/information/English/Racing/LocalResults.aspx?RaceDate=2019/04/28&Racecourse=ST&RaceNo=6"", ""https://racing.hkjc.com/racing/information/English/Racing/LocalResults.aspx?RaceDate=2019/05/26&Racecourse=ST&RaceNo=6"", ""https://racing.hkjc.com/racing/information/English/Racing/LocalResults.aspx?RaceDate=2019/06/23&Racecourse=ST&RaceNo=3""]","[""hong_kong""]",18,18,0,0,0,18,2019-10-01,1855,Celebration Cup (H),G3,,,,True,confirm_batch_inclusion,项目负责人确认纳入首批；该决定不豁免身份补强、完整资料和完整生涯门禁。
hong_kong,8,external:230437b3df29d03b1bb993ac8722489df66295b5a84494eb5ea8210a9e96d8c6,DINOZZO,"[""DINOZZO""]",strong_external_identity,ready_for_profile_resolution,[],"[""hkjc:hk_2015_v246""]",hkjc,"[""hkjc""]","[""https://racing.hkjc.com/racing/Info/Meeting/Results/English/Local/20181001/ST/8"", ""https://racing.hkjc.com/racing/Info/Meeting/Results/English/Local/20181021/ST/8"", ""https://racing.hkjc.com/racing/Info/meeting/Results/English/Local/20180225/ST/8"", ""https://racing.hkjc.com/racing/Info/meeting/Results/English/Local/20180429/ST/8"", ""https://racing.hkjc.com/racing/Info/meeting/Results/English/Local/20180603/ST/7"", ""https://racing.hkjc.com/racing/Info/meeting/Results/English/Local/20181104/ST/7"", ""https://racing.hkjc.com/racing/Info/meeting/Results/English/Local/20190109/HV/6"", ""https://racing.hkjc.com/racing/info/meeting/Results/English/Local/20180110/HV/6"", ""https://racing.hkjc.com/racing/info/meeting/Results/English/Local/20180204/ST/3"", ""https://racing.hkjc.com/racing/info/meeting/Results/English/Local/20180624/ST/3"", ""https://racing.hkjc.com/racing/info/meeting/Results/English/Local/20190127/ST/7"", ""https://racing.hkjc.com/racing/info/meeting/Results/English/Local/20190217/ST/7"", ""https://racing.hkjc.com/racing/info/meeting/results/English/Local/20180408/ST/8"", ""https://racing.hkjc.com/racing/information/English/Racing/LocalResults.aspx?RaceDate=2019/04/07&Racecourse=ST&RaceNo=7"", ""https://racing.hkjc.com/racing/information/English/Racing/LocalResults.aspx?RaceDate=2019/04/28&Racecourse=ST&RaceNo=8"", ""https://racing.hkjc.com/racing/information/English/Racing/LocalResults.aspx?RaceDate=2019/06/23&Racecourse=ST&RaceNo=8"", ""https://racing.hkjc.com/racing/information/English/racing/LocalResults.aspx?RaceDate=2019/06/02&Racecourse=ST&RaceNo=9""]","[""hong_kong""]",18,18,0,0,0,18,2019-06-23,2129,Premier Plate (H),G3,,,,True,confirm_batch_inclusion,项目负责人确认纳入首批；该决定不豁免身份补强、完整资料和完整生涯门禁。
hong_kong,9,external:57aec256ba44213f5e88e9e37ddb853a3369c11f3803459260d783f9ed4c9692,BEAUTY ONLY,"[""BEAUTY ONLY""]",strong_external_identity,ready_for_profile_resolution,[],"[""hkjc:hk_2013_s411""]",hkjc,"[""hkjc""]","[""https://racing.hkjc.com/racing/Info/Meeting/Results/English/Local/20181001/ST/8"", ""https://racing.hkjc.com/racing/Info/Meeting/Results/English/Local/20181021/ST/8"", ""https://racing.hkjc.com/racing/Info/meeting/Results/English/Local/20180101/ST/10"", ""https://racing.hkjc.com/racing/Info/meeting/Results/English/Local/20180603/ST/7"", ""https://racing.hkjc.com/racing/Info/meeting/Results/English/Local/20181118/ST/6"", ""https://racing.hkjc.com/racing/Info/meeting/Results/English/Local/20190120/ST/7"", ""https://racing.hkjc.com/racing/info/meeting/Results/English/Local/20171001/ST/8"", ""https://racing.hkjc.com/racing/info/meeting/Results/English/Local/20180128/ST/8"", ""https://racing.hkjc.com/racing/info/meeting/Results/English/Local/20180225/ST/9"", ""https://racing.hkjc.com/racing/info/meeting/Results/English/Local/20180429/ST/6"", ""https://racing.hkjc.com/racing/info/meeting/Results/English/Local/20181209/ST/7"", ""https://racing.hkjc.com/racing/info/meeting/Results/English/Local/20190101/ST/9"", ""https://racing.hkjc.com/racing/info/meeting/Results/English/Local/20190217/ST/6"", ""https://racing.hkjc.com/racing/info/meeting/results/English/Local/20180408/ST/8""]","[""hong_kong""]",17,17,0,0,0,17,2019-02-17,2132,Queen’s Silver Jubilee Cup,G1,,,,True,confirm_batch_inclusion,项目负责人确认纳入首批；该决定不豁免身份补强、完整资料和完整生涯门禁。
hong_kong,10,external:f2aea815d37d95e82812927b499f9719537b32a7f4ab40be6d9c94bf4eb1ac9d,PAKISTAN STAR,"[""PAKISTAN STAR""]",strong_external_identity,ready_for_profile_resolution,[],"[""hkjc:hk_2015_v325""]",hkjc,"[""hkjc""]","[""https://racing.hkjc.com/racing/Info/Meeting/Results/English/Local/20181021/ST/8"", ""https://racing.hkjc.com/racing/Info/Meeting/Results/English/Local/20181209/ST/4"", ""https://racing.hkjc.com/racing/Info/Meeting/Results/English/Local/20191020/ST/3"", ""https://racing.hkjc.com/racing/Info/meeting/Results/English/Local/20180225/ST/8"", ""https://racing.hkjc.com/racing/Info/meeting/Results/English/Local/20180429/ST/8"", ""https://racing.hkjc.com/racing/Info/meeting/Results/English/Local/20180527/ST/8"", ""https://racing.hkjc.com/racing/Info/meeting/Results/English/Local/20181104/ST/7"", ""https://racing.hkjc.com/racing/Info/meeting/Results/English/Local/20181118/ST/7"", ""https://racing.hkjc.com/racing/Info/meeting/Results/English/Local/20190120/ST/7"", ""https://racing.hkjc.com/racing/info/meeting/Results/English/Local/20190217/ST/7"", ""https://racing.hkjc.com/racing/info/meeting/results/English/Local/20180408/ST/8"", ""https://racing.hkjc.com/racing/information/English/Racing/LocalResults.aspx?RaceDate=2019/04/07&Racecourse=ST&RaceNo=7"", ""https://racing.hkjc.com/racing/information/English/Racing/LocalResults.aspx?RaceDate=2019/04/28&Racecourse=ST&RaceNo=8"", ""https://racing.hkjc.com/racing/information/English/Racing/LocalResults.aspx?RaceDate=2019/05/26&Racecourse=ST&RaceNo=8"", ""https://racing.hkjc.com/racing/information/English/Racing/LocalResults.aspx?RaceDate=2019/11/17&Racecourse=ST&RaceNo=8""]","[""hong_kong""]",19,17,0,2,0,17,2019-11-17,2123,Jockey Club Sprint [BOCHK Wealth Management],G2,,,,True,confirm_batch_inclusion,项目负责人确认纳入首批；该决定不豁免身份补强、完整资料和完整生涯门禁。
japan,1,observation:event:15441:number:11,アスクナイスショー,"[""アスクナイスショー""]",needs_identity_enrichment,needs_identity_enrichment,[],[],jra,"[""jra""]","[""https://www.jra.go.jp/datafile/seiseki/replay/2026/062.html""]","[""japan""]",1,1,0,0,0,1,2026-07-12,15441,Tanabata Sho,G3,,,,True,confirm_batch_inclusion,项目负责人确认纳入首批；该决定不豁免身份补强、完整资料和完整生涯门禁。
japan,2,observation:event:15441:number:9,オニャンコポン,"[""オニャンコポン""]",needs_identity_enrichment,needs_identity_enrichment,[],[],jra,"[""jra""]","[""https://www.jra.go.jp/datafile/seiseki/replay/2026/062.html""]","[""japan""]",1,1,0,0,0,1,2026-07-12,15441,Tanabata Sho,G3,,,,True,confirm_batch_inclusion,项目负责人确认纳入首批；该决定不豁免身份补强、完整资料和完整生涯门禁。
japan,3,observation:event:15441:number:14,オールナット,"[""オールナット""]",needs_identity_enrichment,needs_identity_enrichment,[],[],jra,"[""jra""]","[""https://www.jra.go.jp/datafile/seiseki/replay/2026/062.html""]","[""japan""]",1,1,0,0,0,1,2026-07-12,15441,Tanabata Sho,G3,,,,True,confirm_batch_inclusion,项目负责人确认纳入首批；该决定不豁免身份补强、完整资料和完整生涯门禁。
japan,4,observation:event:15441:number:5,オーロラエックス,"[""オーロラエックス""]",needs_identity_enrichment,needs_identity_enrichment,[],[],jra,"[""jra""]","[""https://www.jra.go.jp/datafile/seiseki/replay/2026/062.html""]","[""japan""]",1,1,0,0,0,1,2026-07-12,15441,Tanabata Sho,G3,,,,True,confirm_batch_inclusion,项目负责人确认纳入首批；该决定不豁免身份补强、完整资料和完整生涯门禁。
japan,5,observation:event:15441:number:4,カラマティアノス,"[""カラマティアノス""]",needs_identity_enrichment,needs_identity_enrichment,[],[],jra,"[""jra""]","[""https://www.jra.go.jp/datafile/seiseki/replay/2026/062.html""]","[""japan""]",1,1,0,0,0,1,2026-07-12,15441,Tanabata Sho,G3,,,,True,confirm_batch_inclusion,项目负责人确认纳入首批；该决定不豁免身份补强、完整资料和完整生涯门禁。
japan,6,observation:event:15441:number:8,クリスマスパレード,"[""クリスマスパレード""]",needs_identity_enrichment,needs_identity_enrichment,[],[],jra,"[""jra""]","[""https://www.jra.go.jp/datafile/seiseki/replay/2026/062.html""]","[""japan""]",1,1,0,0,0,1,2026-07-12,15441,Tanabata Sho,G3,,,,True,confirm_batch_inclusion,项目负责人确认纳入首批；该决定不豁免身份补强、完整资料和完整生涯门禁。
japan,7,observation:event:15441:number:2,コントラポスト,"[""コントラポスト""]",needs_identity_enrichment,needs_identity_enrichment,[],[],jra,"[""jra""]","[""https://www.jra.go.jp/datafile/seiseki/replay/2026/062.html""]","[""japan""]",1,1,0,0,0,1,2026-07-12,15441,Tanabata Sho,G3,,,,True,confirm_batch_inclusion,项目负责人确认纳入首批；该决定不豁免身份补强、完整资料和完整生涯门禁。
japan,8,observation:event:15441:number:16,サヴォーナ,"[""サヴォーナ""]",needs_identity_enrichment,needs_identity_enrichment,[],[],jra,"[""jra""]","[""https://www.jra.go.jp/datafile/seiseki/replay/2026/062.html""]","[""japan""]",1,1,0,0,0,1,2026-07-12,15441,Tanabata Sho,G3,,,,True,confirm_batch_inclusion,项目负责人确认纳入首批；该决定不豁免身份补强、完整资料和完整生涯门禁。
japan,9,observation:event:15441:number:3,ショウナンマグマ,"[""ショウナンマグマ""]",needs_identity_enrichment,needs_identity_enrichment,[],[],jra,"[""jra""]","[""https://www.jra.go.jp/datafile/seiseki/replay/2026/062.html""]","[""japan""]",1,1,0,0,0,1,2026-07-12,15441,Tanabata Sho,G3,,,,True,confirm_batch_inclusion,项目负责人确认纳入首批；该决定不豁免身份补强、完整资料和完整生涯门禁。
japan,10,observation:event:15441:number:10,センツブラッド,"[""センツブラッド""]",needs_identity_enrichment,needs_identity_enrichment,[],[],jra,"[""jra""]","[""https://www.jra.go.jp/datafile/seiseki/replay/2026/062.html""]","[""japan""]",1,1,0,0,0,1,2026-07-12,15441,Tanabata Sho,G3,,,,True,confirm_batch_inclusion,项目负责人确认纳入首批；该决定不豁免身份补强、完整资料和完整生涯门禁。
united_kingdom,1,external:5bcc220a61934e7cb99caacc577d1bfa561877a9e02599145dca3c6f0b63f823,Jonbon,"[""Jonbon""]",strong_external_identity,ready_for_profile_resolution,[],"[""sporting_life:1014215""]",sporting_life,"[""sporting_life""]","[""https://www.sportinglife.com/racing/results/2021-12-17/ascot/661638/howden-kennel-gate-novices-hurdle-grade-2-gbb-race"", ""https://www.sportinglife.com/racing/results/2022-01-22/haydock/666359/sky-bet-supreme-trial-rossington-main-novices-hurdle-grade-2-gbb-race"", ""https://www.sportinglife.com/racing/results/2022-03-15/cheltenham/664633/sky-bet-supreme-novices-hurdle-grade-1-gbb-race"", ""https://www.sportinglife.com/racing/results/2022-04-08/aintree/677465/betway-top-novices-hurdle-grade-1-gbb-race"", ""https://www.sportinglife.com/racing/results/2023-03-14/cheltenham/720265/sporting-life-arkle-challenge-trophy-novices-chase-grade-1-gbb-race"", ""https://www.sportinglife.com/racing/results/2023-04-15/aintree/731303/eft-systems-maghull-novices-chase-grade-1-gbb-race"", ""https://www.sportinglife.com/racing/results/2023-04-29/sandown/732333/bet365-celebration-chase-grade-1-gbb-race"", ""https://www.sportinglife.com/racing/results/2023-12-09/sandown/769760/betfair-tingle-creek-chase-grade-1-gbb-race"", ""https://www.sportinglife.com/racing/results/2024-03-13/cheltenham/777260/betway-queen-mother-champion-chase-grade-1-gbb-race"", ""https://www.sportinglife.com/racing/results/2024-04-12/aintree/789166/my-pension-expert-melling-chase-grade-1-gbb-race#video-player"", ""https://www.sportinglife.com/racing/results/2024-04-27/sandown/794433/bet365-celebration-chase-grade-1-gbb-race#video-player"", ""https://www.sportinglife.com/racing/results/2024-11-15/cheltenham/829564/shloer-chase-registered-as-the-cheltenham-chase-grade-2-gbb-race#video-player"", ""https://www.sportinglife.com/racing/results/2024-12-07/sandown/831163/betfair-tingle-creek-chase-grade-1-gbb-race"", ""https://www.sportinglife.com/racing/results/2025-01-18/ascot/839465/betmgm-clarence-house-chase-grade-1-gbb-race#video-player"", ""https://www.sportinglife.com/racing/results/2025-03-12/cheltenham/838522/betmgm-queen-mother-champion-chase-grade-1-gbb-race#video-player"", ""https://www.sportinglife.com/racing/results/2025-04-04/aintree/851166/my-pension-expert-melling-chase-grade-1-gbb-race#video-player"", ""https://www.sportinglife.com/racing/results/2025-04-26/sandown/852529/bet365-celebration-chase-grade-1-gbb-race#video-player"", ""https://www.sportinglife.com/racing/results/2025-11-14/cheltenham/889383/shloer-chase-registered-as-the-cheltenham-chase-grade-2-gbb-race#video-player"", ""https://www.sportinglife.com/racing/results/2025-12-06/sandown/890927/betfair-tingle-creek-chase-grade-1-gbb-race#video-player"", ""https://www.sportinglife.com/racing/results/2026-01-17/ascot/898682/betmgm-clarence-house-chase-grade-1-gbb-race"", ""https://www.sportinglife.com/racing/results/2026-01-17/ascot/898682/betmgm-clarence-house-chase-grade-1-gbb-race#video-player"", ""https://www.sportinglife.com/racing/results/2026-02-14/ascot/902902/betfair-ascot-chase-grade-1-gbb-race"", ""https://www.sportinglife.com/racing/results/2026-02-14/ascot/902902/betfair-ascot-chase-grade-1-gbb-race#video-player"", ""https://www.sportinglife.com/racing/results/2026-03-12/cheltenham/897781/ryanair-chase-registered-as-the-festival-trophy-grade-1-gbb-race"", ""https://www.sportinglife.com/racing/results/2026-03-12/cheltenham/897781/ryanair-chase-registered-as-the-festival-trophy-grade-1-gbb-race#video-player"", ""https://www.sportinglife.com/racing/results/2026-04-25/sandown/913925/bet365-celebration-chase-grade-1-gbb-race"", ""https://www.sportinglife.com/racing/results/2026-04-25/sandown/913925/bet365-celebration-chase-grade-1-gbb-race#video-player""]","[""united_kingdom""]",28,25,0,3,0,25,2026-04-25,19364,Celebration Stp.[bet365],G1,,,,True,confirm_batch_inclusion,项目负责人确认纳入首批；该决定不豁免身份补强、完整资料和完整生涯门禁。
united_kingdom,2,external:8ba36625f7aa059707b09b77509bc7a56f6f038e5209ebe108ac7c5c01ca0535,Edwardstone,"[""Edwardstone""]",strong_external_identity,ready_for_profile_resolution,[],"[""sporting_life:912463""]",sporting_life,"[""sporting_life""]","[""https://www.sportinglife.com/racing/results/2020-01-18/haydock/560471/sky-bet-supreme-trial-rossington-main-novices-hurdle-grade-2"", ""https://www.sportinglife.com/racing/results/2020-03-10/cheltenham/560779/sky-bet-supreme-novices-hurdle-grade-1"", ""https://www.sportinglife.com/racing/results/2022-03-15/cheltenham/664634/sporting-life-arkle-challenge-trophy-novices-chase-grade-1-gbb-race"", ""https://www.sportinglife.com/racing/results/2022-04-09/aintree/677625/poundland-maghull-novices-chase-grade-1-gbb-race"", ""https://www.sportinglife.com/racing/results/2022-12-03/sandown/713574/betfair-tingle-creek-chase-grade-1-gbb-race"", ""https://www.sportinglife.com/racing/results/2023-01-28/cheltenham/722915/albert-bartlett-clarence-house-chase-grade-1-gbb-race"", ""https://www.sportinglife.com/racing/results/2023-03-15/cheltenham/720274/betway-queen-mother-champion-chase-grade-1-gbb-race"", ""https://www.sportinglife.com/racing/results/2023-12-09/sandown/769760/betfair-tingle-creek-chase-grade-1-gbb-race"", ""https://www.sportinglife.com/racing/results/2024-02-10/newbury/782382/betfair-exchange-game-spirit-chase-grade-2-gbb-race#video-player"", ""https://www.sportinglife.com/racing/results/2024-03-13/cheltenham/777260/betway-queen-mother-champion-chase-grade-1-gbb-race"", ""https://www.sportinglife.com/racing/results/2024-04-27/sandown/794433/bet365-celebration-chase-grade-1-gbb-race#video-player"", ""https://www.sportinglife.com/racing/results/2024-11-15/cheltenham/829564/shloer-chase-registered-as-the-cheltenham-chase-grade-2-gbb-race#video-player"", ""https://www.sportinglife.com/racing/results/2024-12-07/sandown/831163/betfair-tingle-creek-chase-grade-1-gbb-race"", ""https://www.sportinglife.com/racing/results/2024-12-27/kempton/836303/ladbrokes-desert-orchid-handicap-chase-grade-2-limited-handicap-chase-gbb-race#video-player"", ""https://www.sportinglife.com/racing/results/2025-01-18/ascot/839465/betmgm-clarence-house-chase-grade-1-gbb-race#video-player"", ""https://www.sportinglife.com/racing/results/2025-02-08/newbury/842705/william-hill-best-odds-guaranteed-game-spirit-chase-grade-2-gbb-race#video-player"", ""https://www.sportinglife.com/racing/results/2025-04-26/sandown/852529/bet365-celebration-chase-grade-1-gbb-race#video-player"", ""https://www.sportinglife.com/racing/results/2025-11-14/cheltenham/889383/shloer-chase-registered-as-the-cheltenham-chase-grade-2-gbb-race#video-player"", ""https://www.sportinglife.com/racing/results/2025-12-07/huntingdon/892962/sky-bet-peterborough-chase-grade-2-gbb-race#video-player"", ""https://www.sportinglife.com/racing/results/2026-01-10/kempton/897580/coral-silviniaco-conti-chase-grade-2-gbb-race"", ""https://www.sportinglife.com/racing/results/2026-01-10/kempton/897580/coral-silviniaco-conti-chase-grade-2-gbb-race#video-player"", ""https://www.sportinglife.com/racing/results/2026-02-14/ascot/902902/betfair-ascot-chase-grade-1-gbb-race"", ""https://www.sportinglife.com/racing/results/2026-02-14/ascot/902902/betfair-ascot-chase-grade-1-gbb-race#video-player"", ""https://www.sportinglife.com/racing/results/2026-04-25/sandown/913925/bet365-celebration-chase-grade-1-gbb-race"", ""https://www.sportinglife.com/racing/results/2026-04-25/sandown/913925/bet365-celebration-chase-grade-1-gbb-race#video-player""]","[""united_kingdom""]",26,24,2,0,0,24,2026-04-25,19364,Celebration Stp.[bet365],G1,,,,True,confirm_batch_inclusion,项目负责人确认纳入首批；该决定不豁免身份补强、完整资料和完整生涯门禁。
united_kingdom,3,external:bb422d6c7c2d7d547ac700d9b6f050969e6fff9ea390a7e91777016abca4af4f,Sceau Royal,"[""Sceau Royal""]",strong_external_identity,ready_for_profile_resolution,[],"[""sporting_life:389715""]",sporting_life,"[""sporting_life""]","[""https://www.sportinglife.com/racing/results/2016-04-07/aintree/191079/betfred-anniversary-4-y-o-juvenile-hurdle-grade-1"", ""https://www.sportinglife.com/racing/results/2016-11-26/newcastle/208232/stanjames-com-fighting-fifth-hurdle-grade-1"", ""https://www.sportinglife.com/racing/results/2017-02-18/wincanton/212990/betway-kingwell-hurdle-grade-2"", ""https://www.sportinglife.com/racing/results/2017-03-14/cheltenham/416852/stan-james-champion-hurdle-challenge-trophy-grade-1"", ""https://www.sportinglife.com/racing/results/2018-12-08/sandown/503367/betfair-tingle-creek-chase-grade-1"", ""https://www.sportinglife.com/racing/results/2019-03-13/cheltenham/508439/betway-queen-mother-champion-chase-grade-1"", ""https://www.sportinglife.com/racing/results/2019-04-27/sandown/520389/bet365-celebration-chase-grade-1"", ""https://www.sportinglife.com/racing/results/2019-12-07/sandown/555086/betfair-tingle-creek-chase-grade-1"", ""https://www.sportinglife.com/racing/results/2020-03-11/cheltenham/560054/betway-queen-mother-champion-chase-grade-1"", ""https://www.sportinglife.com/racing/results/2020-11-07/wincanton/596707/unibet-elite-hurdle-grade-2"", ""https://www.sportinglife.com/racing/results/2020-11-28/newcastle/598173/betfair-fighting-fifth-hurdle-grade-1"", ""https://www.sportinglife.com/racing/results/2020-12-12/cheltenham/601407/unibet-international-hurdle-grade-2"", ""https://www.sportinglife.com/racing/results/2021-03-17/cheltenham/606502/betway-queen-mother-champion-chase-grade-1-gbb-race"", ""https://www.sportinglife.com/racing/results/2021-04-24/sandown/622911/bet365-celebration-chase-grade-1-gbb-race"", ""https://www.sportinglife.com/racing/results/2021-11-06/wincanton/655617/unibet-elite-hurdle-grade-2-gbb-race"", ""https://www.sportinglife.com/racing/results/2021-11-27/newcastle/657387/betfair-fighting-fifth-hurdle-grade-1-gbb-race"", ""https://www.sportinglife.com/racing/results/2021-12-11/cheltenham/659083/unibet-international-hurdle-grade-2-gbb-race"", ""https://www.sportinglife.com/racing/results/2022-04-08/aintree/677467/marsh-chase-registered-as-the-melling-chase-grade-1-gbb-race"", ""https://www.sportinglife.com/racing/results/2022-04-23/sandown/680284/bet365-celebration-chase-grade-1-gbb-race"", ""https://www.sportinglife.com/racing/results/2022-11-05/wincanton/711342/unibet-elite-hurdle-grade-2-gbb-race"", ""https://www.sportinglife.com/racing/results/2022-12-26/kempton/715575/ladbrokes-christmas-hurdle-grade-1-gbb-race"", ""https://www.sportinglife.com/racing/results/2023-04-13/aintree/731354/william-hill-aintree-hurdle-grade-1-gbb-race"", ""https://www.sportinglife.com/racing/results/2023-11-25/ascot/770738/coral-hurdle-registered-as-the-ascot-hurdle-grade-2-gbb-race"", ""https://www.sportinglife.com/racing/results/2023-12-26/kempton/775512/ladbrokes-christmas-hurdle-grade-1-gbb-race""]","[""united_kingdom""]",24,24,0,0,0,24,2023-12-26,16024,Christmas Hurdle[Ladbrokes],G1,,,,True,confirm_batch_inclusion,项目负责人确认纳入首批；该决定不豁免身份补强、完整资料和完整生涯门禁。
united_kingdom,4,external:f092c0016d98aa060e324a4fc03f4ad99c20a5f54030cba20f881504c78eaaf5,Brando,"[""Brando""]",strong_external_identity,ready_for_profile_resolution,[],"[""sporting_life:316185""]",sporting_life,"[""sporting_life""]","[""https://www.sportinglife.com/racing/results/2016-07-02/sandown-park/198603/coral-charge-registered-as-the-sprint-stakes-group-3"", ""https://www.sportinglife.com/racing/results/2016-08-19/york/198298/coolmore-nunthorpe-stakes-british-champions-series-group-1"", ""https://www.sportinglife.com/racing/results/2016-10-15/ascot/202516/qipco-british-champions-sprint-stakes-group-1"", ""https://www.sportinglife.com/racing/results/2017-04-20/newmarket/424123/connaught-access-flooring-abernant-stakes-group-3"", ""https://www.sportinglife.com/racing/results/2017-05-17/york/423068/duke-of-york-clipper-logistics-stakes-group-2"", ""https://www.sportinglife.com/racing/results/2017-07-15/newmarket/433798/darley-july-cup-stakes-group-1-british-champions-series-global-sprint-challenge"", ""https://www.sportinglife.com/racing/results/2017-09-09/haydock/442225/32red-sprint-cup-stakes-british-champions-series-group-1"", ""https://www.sportinglife.com/racing/results/2017-10-21/ascot/440407/qipco-british-champions-sprint-stakes-group-1"", ""https://www.sportinglife.com/racing/results/2018-04-19/newmarket/471277/connaught-access-flooring-abernant-stakes-group-3"", ""https://www.sportinglife.com/racing/results/2018-05-16/york/470230/duke-of-york-clipper-logistics-stakes-group-2"", ""https://www.sportinglife.com/racing/results/2018-07-14/newmarket/474576/darley-july-cup-stakes-group-1"", ""https://www.sportinglife.com/racing/results/2018-09-08/haydock/483000/32red-sprint-cup-stakes-group-1-british-champions-series"", ""https://www.sportinglife.com/racing/results/2018-10-20/ascot/487015/qipco-british-champions-sprint-stakes-group-1"", ""https://www.sportinglife.com/racing/results/2019-04-17/newmarket/520546/connaught-access-flooring-abernant-stakes-group-3"", ""https://www.sportinglife.com/racing/results/2019-07-13/newmarket/526646/darley-july-cup-stakes-group-1"", ""https://www.sportinglife.com/racing/results/2019-09-07/haydock/533830/betfair-sprint-cup-stakes-group-1-british-champions-series"", ""https://www.sportinglife.com/racing/results/2019-10-19/ascot/538104/qipco-british-champions-sprint-stakes-group-1"", ""https://www.sportinglife.com/racing/results/2020-07-11/newmarket/578230/darley-july-cup-stakes-group-1-british-champions-series"", ""https://www.sportinglife.com/racing/results/2020-08-22/york/584777/sky-bet-city-of-york-stakes-group-2"", ""https://www.sportinglife.com/racing/results/2020-09-05/haydock/586901/betfair-sprint-cup-stakes-group-1"", ""https://www.sportinglife.com/racing/results/2020-10-17/ascot/592441/qipco-british-champions-sprint-stakes-group-1"", ""https://www.sportinglife.com/racing/results/2021-05-12/york/622969/duke-of-york-clipper-logistics-stakes-group-2"", ""https://www.sportinglife.com/racing/results/2021-07-10/newmarket/627998/darley-july-cup-stakes-group-1"", ""https://www.sportinglife.com/racing/results/2021-10-16/ascot/640955/qipco-british-champions-sprint-stakes-group-1""]","[""united_kingdom""]",24,24,0,0,0,24,2021-10-16,15986,British Champions Sprint S. [QIPCO],G1,,,,True,confirm_batch_inclusion,项目负责人确认纳入首批；该决定不豁免身份补强、完整资料和完整生涯门禁。
united_kingdom,5,external:43a5970e43dac61c2da72411cc8a7f48db1744e4edd06b8851202e173acbd9e3,Art Power,"[""Art Power""]",strong_external_identity,ready_for_profile_resolution,[],"[""sporting_life:941963""]",sporting_life,"[""sporting_life""]","[""https://www.sportinglife.com/racing/results/2020-08-21/york/584474/coolmore-nunthorpe-stakes-group-1"", ""https://www.sportinglife.com/racing/results/2020-09-05/haydock/586901/betfair-sprint-cup-stakes-group-1"", ""https://www.sportinglife.com/racing/results/2020-10-17/ascot/592441/qipco-british-champions-sprint-stakes-group-1"", ""https://www.sportinglife.com/racing/results/2021-05-12/york/622969/duke-of-york-clipper-logistics-stakes-group-2"", ""https://www.sportinglife.com/racing/results/2021-06-19/royal-ascot/624487/diamond-jubilee-stakes-group-1-british-champions-series"", ""https://www.sportinglife.com/racing/results/2021-07-10/newmarket/627998/darley-july-cup-stakes-group-1"", ""https://www.sportinglife.com/racing/results/2021-07-30/goodwood/634076/king-george-qatar-stakes-group-2"", ""https://www.sportinglife.com/racing/results/2021-09-04/haydock/639726/betfair-sprint-cup-stakes-group-1-british-champions-series"", ""https://www.sportinglife.com/racing/results/2021-10-16/ascot/640955/qipco-british-champions-sprint-stakes-group-1"", ""https://www.sportinglife.com/racing/results/2022-08-20/york/691507/sky-bet-city-of-york-stakes-group-2"", ""https://www.sportinglife.com/racing/results/2022-09-03/haydock/692748/betfair-sprint-cup-stakes-group-1-british-champions-series"", ""https://www.sportinglife.com/racing/results/2022-10-15/ascot/697263/qipco-british-champions-sprint-stakes-group-1-british-champions-series"", ""https://www.sportinglife.com/racing/results/2023-05-17/york/732360/1895-duke-of-york-clipper-stakes-group-2"", ""https://www.sportinglife.com/racing/results/2023-06-24/royal-ascot/736595/queen-elizabeth-ii-jubilee-stakes-group-1-british-champions-series"", ""https://www.sportinglife.com/racing/results/2023-10-21/ascot/752808/qipco-british-champions-sprint-stakes-group-1-british-champions-series"", ""https://www.sportinglife.com/racing/results/2024-05-15/york/794559/1895-duke-of-york-clipper-stakes-group-2#video-player"", ""https://www.sportinglife.com/racing/results/2024-07-13/newmarket/799429/my-pension-expert-july-cup-stakes-group-1-british-champions-series#video-player"", ""https://www.sportinglife.com/racing/results/2024-07-30/goodwood/805502/hkjc-world-pool-lennox-stakes-group-2#video-player"", ""https://www.sportinglife.com/racing/results/2024-08-24/york/806804/sky-bet-city-of-york-stakes-group-2#video-player"", ""https://www.sportinglife.com/racing/results/2024-09-07/haydock/807996/betfair-sprint-cup-stakes-group-1-british-champions-series"", ""https://www.sportinglife.com/racing/results/2024-10-19/ascot/812980/qipco-british-champions-sprint-stakes-group-1-british-champions-series#video-player"", ""https://www.sportinglife.com/racing/results/2025-10-18/ascot/872905/qipco-british-champions-sprint-stakes-group-1#video-player""]","[""united_kingdom""]",22,22,0,0,0,22,2025-10-18,1286,British Champions Sprint S. [QIPCO],G1,,,,True,confirm_batch_inclusion,项目负责人确认纳入首批；该决定不豁免身份补强、完整资料和完整生涯门禁。
united_kingdom,6,external:008066b5f1e266ab4d2bf371b7821cb3a10cc2ef341806d9d23152c05b80a84a,Paisley Park,"[""Paisley Park""]",strong_external_identity,ready_for_profile_resolution,[],"[""sporting_life:23231""]",sporting_life,"[""sporting_life""]","[""https://www.sportinglife.com/racing/results/2018-01-13/warwick/459549/ballymore-leamington-novices-hurdle-grade-2"", ""https://www.sportinglife.com/racing/results/2018-12-22/ascot/503651/jlt-hurdle-grade-1-registered-as-the-long-walk-hurdle"", ""https://www.sportinglife.com/racing/results/2019-01-26/cheltenham/510004/galliardhomes-com-cleeve-hurdle-grade-2"", ""https://www.sportinglife.com/racing/results/2019-03-14/cheltenham/508430/sun-racing-stayers-hurdle-grade-1"", ""https://www.sportinglife.com/racing/results/2019-12-21/ascot/555406/marsh-hurdle-grade-1-registered-as-the-long-walk-hurdle"", ""https://www.sportinglife.com/racing/results/2020-01-25/cheltenham/561461/galliardhomes-com-cleeve-hurdle-grade-2"", ""https://www.sportinglife.com/racing/results/2020-03-12/cheltenham/559958/paddy-power-stayers-hurdle-grade-1"", ""https://www.sportinglife.com/racing/results/2020-11-27/newbury/599719/ladbrokes-long-distance-hurdle-grade-2"", ""https://www.sportinglife.com/racing/results/2020-12-19/ascot/601423/porsche-long-walk-hurdle-grade-1-gbb-race"", ""https://www.sportinglife.com/racing/results/2021-03-18/cheltenham/606509/paddy-power-stayers-hurdle-grade-1-gbb-race"", ""https://www.sportinglife.com/racing/results/2021-10-30/wetherby/654529/bet365-hurdle-grade-2-registered-as-the-west-yorkshire-hurdle-gbb-race"", ""https://www.sportinglife.com/racing/results/2021-11-26/newbury/658544/ladbrokes-long-distance-hurdle-grade-2-gbb-race"", ""https://www.sportinglife.com/racing/results/2021-12-18/ascot/660828/howden-long-walk-hurdle-grade-1-gbb-race"", ""https://www.sportinglife.com/racing/results/2022-01-29/cheltenham/667404/welsh-marches-stallions-at-chapel-stud-cleeve-hurdle-grade-2-gbb-race"", ""https://www.sportinglife.com/racing/results/2022-03-17/cheltenham/664650/paddy-power-stayers-hurdle-grade-1-gbb-race"", ""https://www.sportinglife.com/racing/results/2022-11-25/newbury/714154/coral-long-distance-hurdle-grade-2-gbb-race"", ""https://www.sportinglife.com/racing/results/2022-12-26/kempton/718949/ladbrokes-long-walk-hurdle-grade-1-gbb-race"", ""https://www.sportinglife.com/racing/results/2023-01-28/cheltenham/722918/dahlbury-stallions-at-chapel-stud-cleeve-hurdle-grade-2-gbb-race"", ""https://www.sportinglife.com/racing/results/2023-03-16/cheltenham/720281/paddy-power-stayers-hurdle-grade-1-gbb-race"", ""https://www.sportinglife.com/racing/results/2023-12-01/newbury/771820/coral-long-distance-hurdle-grade-2-gbb-race"", ""https://www.sportinglife.com/racing/results/2023-12-23/ascot/772281/howden-long-walk-hurdle-grade-1-gbb-race"", ""https://www.sportinglife.com/racing/results/2024-01-27/cheltenham/780303/mccoy-contractors-cleeve-hurdle-grade-2-gbb-race#video-player"", ""https://www.sportinglife.com/racing/results/2024-03-14/cheltenham/777274/paddy-power-stayers-hurdle-grade-1-gbb-race#video-player""]","[""united_kingdom""]",23,22,0,1,0,22,2024-03-14,2860,Stayers’ Hurdle[Paddy Power],G1,,,,True,confirm_batch_inclusion,项目负责人确认纳入首批；该决定不豁免身份补强、完整资料和完整生涯门禁。
united_kingdom,7,external:184f0847c26bf076dcb4bba9c0862dbfd821f85c9b626c9c545a4f9af973fcd8,Gabrial,"[""Gabrial""]",strong_external_identity,ready_for_profile_resolution,[],"[""sporting_life:17774""]",sporting_life,"[""sporting_life""]","[""https://www.sportinglife.com/racing/results/2013-05-09/chester/119493/stella-artois-huxley-stakes-for-the-tradesman-and-39-s-cup-group-3"", ""https://www.sportinglife.com/racing/results/2013-05-31/epsom-downs/120841/investec-diomed-stakes-group-3"", ""https://www.sportinglife.com/racing/results/2013-06-18/ascot/119133/queen-anne-stakes-british-champions-series-group-1-str"", ""https://www.sportinglife.com/racing/results/2013-07-13/ascot/123238/fred-cowley-mbe-memorial-summer-mile-stakes-group-2-rnd"", ""https://www.sportinglife.com/racing/results/2013-08-23/york/125584/sky-bet-strensall-stakes-group-3"", ""https://www.sportinglife.com/racing/results/2013-09-07/haydock-park/126421/betfred-com-superior-mile-group-3"", ""https://www.sportinglife.com/racing/results/2013-10-12/newmarket/128152/darley-stakes-group-3"", ""https://www.sportinglife.com/racing/results/2015-07-29/goodwood/162620/qatar-sussex-stakes-british-champions-series-supported-by-qatar-petroleum-group-1"", ""https://www.sportinglife.com/racing/results/2015-08-29/goodwood/172889/doom-bar-celebration-mile-group-2"", ""https://www.sportinglife.com/racing/results/2015-10-17/ascot/176900/queen-elizabeth-ii-stakes-sponsored-by-qipco-group-1-str-british-champions-mile"", ""https://www.sportinglife.com/racing/results/2016-05-14/newbury/190954/al-shaqab-lockinge-stakes-group-1-british-champions-series-str"", ""https://www.sportinglife.com/racing/results/2016-07-27/goodwood/195725/qatar-sussex-stakes-british-champions-series-group-1"", ""https://www.sportinglife.com/racing/results/2016-08-06/haydock-park/202291/betfred-rose-of-lancaster-stakes-group-3"", ""https://www.sportinglife.com/racing/results/2016-08-20/york/202511/betfred-mobile-strensall-stakes-group-3"", ""https://www.sportinglife.com/racing/results/2016-09-03/haydock-park/204202/32red-mile-registered-as-the-superior-mile-stakes-group-3"", ""https://www.sportinglife.com/racing/results/2016-10-15/ascot/202519/qipco-champion-stakes-group-1-british-champions-middle-distance"", ""https://www.sportinglife.com/racing/results/2017-08-12/haydock/440122/betfred-rose-of-lancaster-stakes-group-3"", ""https://www.sportinglife.com/racing/results/2017-08-26/york/442061/betfred-mobile-strensall-stakes-group-3"", ""https://www.sportinglife.com/racing/results/2018-02-24/lingfield/463313/betway-winter-derby-stakes-group-3"", ""https://www.sportinglife.com/racing/results/2018-10-20/ascot/487017/queen-elizabeth-ii-stakes-group-1-sponsored-by-qipco-str"", ""https://www.sportinglife.com/racing/results/2019-05-10/chester/520407/homeserve-huxley-stakes-group-2""]","[""united_kingdom""]",21,21,0,0,0,21,2019-05-10,17608,Huxley S. [Homeserve],G2,,,,True,confirm_batch_inclusion,项目负责人确认纳入首批；该决定不豁免身份补强、完整资料和完整生涯门禁。
united_kingdom,8,external:1fd1711d74b5a9487a68de459078b25ce66c7593b6768e93184b341cfb46d849,Regal Reality,"[""Regal Reality""]",strong_external_identity,ready_for_profile_resolution,[],"[""sporting_life:867285""]",sporting_life,"[""sporting_life""]","[""https://www.sportinglife.com/racing/results/2018-08-03/goodwood/485478/bonhams-thoroughbred-stakes-group-3"", ""https://www.sportinglife.com/racing/results/2018-09-08/haydock/490605/unibet-mile-registered-as-the-superior-mile-stakes-group-3"", ""https://www.sportinglife.com/racing/results/2018-09-28/newmarket/491016/shadwell-joel-stakes-group-2"", ""https://www.sportinglife.com/racing/results/2019-05-23/sandown/525775/matchbook-brigadier-gerard-stakes-group-3"", ""https://www.sportinglife.com/racing/results/2019-07-06/sandown/525554/coral-eclipse-group-1"", ""https://www.sportinglife.com/racing/results/2019-07-27/york/535553/sky-bet-york-stakes-group-2"", ""https://www.sportinglife.com/racing/results/2019-08-21/york/531624/juddmonte-international-stakes-group-1-british-champions-series"", ""https://www.sportinglife.com/racing/results/2019-10-19/ascot/538107/qipco-champion-stakes-group-1-british-champions-middle-distance"", ""https://www.sportinglife.com/racing/results/2020-07-05/sandown/577097/coral-eclipse-group-1-british-champions-series"", ""https://www.sportinglife.com/racing/results/2020-07-25/york/580408/sky-bet-york-stakes-group-2"", ""https://www.sportinglife.com/racing/results/2020-08-29/goodwood/585803/ladbrokes-celebration-mile-stakes-group-2"", ""https://www.sportinglife.com/racing/results/2021-06-15/royal-ascot/624488/queen-anne-stakes-group-1-british-champions-series-str"", ""https://www.sportinglife.com/racing/results/2022-07-29/goodwood/695653/l-ormarins-queen-s-plate-glorious-stakes-group-3"", ""https://www.sportinglife.com/racing/results/2022-08-27/windsor/700504/sytner-sunningdale-maidenhead-bmw-winter-hill-stakes-group-3"", ""https://www.sportinglife.com/racing/results/2023-09-09/haydock/757377/best-odds-on-the-betfair-exchange-superior-mile-stakes-group-3"", ""https://www.sportinglife.com/racing/results/2023-09-29/newmarket/757529/al-basti-equiworld-dubai-joel-stakes-group-2"", ""https://www.sportinglife.com/racing/results/2024-04-17/newmarket/792614/bet365-earl-of-sefton-stakes-group-3#video-player"", ""https://www.sportinglife.com/racing/results/2024-05-10/chester/796510/ire-incentive-it-pays-to-buy-irish-huxley-stakes-group-2#video-player"", ""https://www.sportinglife.com/racing/results/2024-06-01/epsom-downs/800975/betfred-diomed-stakes-group-3#video-player"", ""https://www.sportinglife.com/racing/results/2024-08-10/haydock/812777/betfred-rose-of-lancaster-stakes-group-3""]","[""united_kingdom""]",20,20,0,0,0,20,2024-08-10,17919,Rose of Lancaster S. [Betfred],G3,,,,True,confirm_batch_inclusion,项目负责人确认纳入首批；该决定不豁免身份补强、完整资料和完整生涯门禁。
united_kingdom,9,external:e641a8557ac70e3865341ef75f840ae4d81232bcc2c089f25bb089760eecfa48,Stradivarius,"[""Stradivarius""]",strong_external_identity,ready_for_profile_resolution,[],"[""sporting_life:421893""]",sporting_life,"[""sporting_life""]","[""https://www.sportinglife.com/racing/results/2017-06-23/royal-ascot/426086/queen-s-vase-group-2"", ""https://www.sportinglife.com/racing/results/2017-08-01/goodwood/434723/qatar-goodwood-cup-stakes-group-1"", ""https://www.sportinglife.com/racing/results/2017-09-16/doncaster/438482/william-hill-st-leger-stakes-group-1-british-champions-series"", ""https://www.sportinglife.com/racing/results/2017-10-21/ascot/440406/qipco-british-champions-long-distance-cup-group-2"", ""https://www.sportinglife.com/racing/results/2018-06-21/royal-ascot/473500/gold-cup-group-1-british-champions-series"", ""https://www.sportinglife.com/racing/results/2018-07-31/goodwood/483005/qatar-goodwood-cup-stakes-group-1-british-champions-series"", ""https://www.sportinglife.com/racing/results/2018-08-24/york/488474/weatherbys-hamilton-lonsdale-cup-stakes-group-2"", ""https://www.sportinglife.com/racing/results/2018-10-20/ascot/487014/qipco-british-champions-long-distance-cup-group-2"", ""https://www.sportinglife.com/racing/results/2019-06-20/royal-ascot/529989/gold-cup-group-1"", ""https://www.sportinglife.com/racing/results/2019-07-30/goodwood/531622/qatar-goodwood-cup-stakes-group-1-british-champions-series"", ""https://www.sportinglife.com/racing/results/2019-08-23/york/536973/weatherbys-hamilton-lonsdale-cup-stakes-group-2"", ""https://www.sportinglife.com/racing/results/2019-10-19/ascot/538103/qipco-british-champions-long-distance-cup-group-2"", ""https://www.sportinglife.com/racing/results/2020-06-05/newmarket/572823/hurworth-bloodstock-coronation-cup-group-1"", ""https://www.sportinglife.com/racing/results/2020-06-18/royal-ascot/574698/gold-cup-group-1-british-champions-series"", ""https://www.sportinglife.com/racing/results/2020-07-28/goodwood/580772/al-shaqab-goodwood-cup-stakes-group-1"", ""https://www.sportinglife.com/racing/results/2020-10-17/ascot/592442/qipco-british-champions-long-distance-cup-group-2"", ""https://www.sportinglife.com/racing/results/2021-06-17/royal-ascot/624485/gold-cup-group-1-british-champions-series"", ""https://www.sportinglife.com/racing/results/2021-07-27/goodwood/634074/al-shaqab-goodwood-cup-stakes-group-1-british-champions-series"", ""https://www.sportinglife.com/racing/results/2021-10-16/ascot/640956/qipco-british-champions-long-distance-cup-group-2"", ""https://www.sportinglife.com/racing/results/2022-06-16/royal-ascot/681152/gold-cup-group-1-british-champions-series"", ""https://www.sportinglife.com/racing/results/2022-07-26/goodwood/690477/al-shaqab-goodwood-cup-stakes-group-1-british-champions-series""]","[""united_kingdom""]",21,20,0,1,0,20,2022-07-26,19047,Goodwood Cup S. [Al Shaqab],G1,,,,True,confirm_batch_inclusion,项目负责人确认纳入首批；该决定不豁免身份补强、完整资料和完整生涯门禁。
united_kingdom,10,external:0f7baf82e50db6920544567ee5ecbbdcd269f2900814777c50254033bf8b6aad,The New One,"[""The New One""]",strong_external_identity,ready_for_profile_resolution,[],"[""sporting_life:9799""]",sporting_life,"[""sporting_life""]","[""https://www.sportinglife.com/racing/results/2013-12-26/kempton-park/131808/williamhill-com-christmas-hurdle-grade-1"", ""https://www.sportinglife.com/racing/results/2014-03-11/cheltenham/133156/stan-james-champion-hurdle-challenge-trophy-grade-1"", ""https://www.sportinglife.com/racing/results/2014-04-03/aintree/136279/doom-bar-aintree-hurdle-grade-1"", ""https://www.sportinglife.com/racing/results/2014-12-13/cheltenham/149529/stanjames-com-international-hurdle-grade-2"", ""https://www.sportinglife.com/racing/results/2015-01-17/haydock-park/150991/stanjames-com-champion-hurdle-trial-grade-2"", ""https://www.sportinglife.com/racing/results/2015-03-10/cheltenham/151214/stan-james-champion-hurdle-challenge-trophy-grade-1"", ""https://www.sportinglife.com/racing/results/2015-12-26/kempton-park/183136/williamhill-com-christmas-hurdle-grade-1"", ""https://www.sportinglife.com/racing/results/2016-01-23/haydock-park/186207/stanjames-com-champion-hurdle-trial-grade-2"", ""https://www.sportinglife.com/racing/results/2016-03-15/cheltenham/186403/stan-james-champion-hurdle-challenge-trophy-grade-1"", ""https://www.sportinglife.com/racing/results/2016-04-07/aintree/191081/doom-bar-aintree-hurdle-grade-1"", ""https://www.sportinglife.com/racing/results/2016-12-10/cheltenham/209881/stanjames-com-international-hurdle-grade-2"", ""https://www.sportinglife.com/racing/results/2016-12-26/kempton/984/32red-com-christmas-hurdle-grade-1"", ""https://www.sportinglife.com/racing/results/2017-01-21/haydock/209160/stanjames-com-champion-hurdle-trial-hurdle"", ""https://www.sportinglife.com/racing/results/2017-03-14/cheltenham/416852/stan-james-champion-hurdle-challenge-trophy-grade-1"", ""https://www.sportinglife.com/racing/results/2017-03-16/cheltenham/212924/sun-bets-stayers-hurdle-grade-1"", ""https://www.sportinglife.com/racing/results/2017-04-06/aintree/422454/betway-aintree-hurdle-grade-1"", ""https://www.sportinglife.com/racing/results/2017-04-08/aintree/422757/ryanair-stayers-liverpool-hurdle-grade-1"", ""https://www.sportinglife.com/racing/results/2017-12-16/cheltenham/455729/unibet-international-hurdle-grade-2"", ""https://www.sportinglife.com/racing/results/2017-12-26/kempton/455724/unibet-christmas-hurdle-grade-1"", ""https://www.sportinglife.com/racing/results/2018-01-20/haydock/460361/unibet-champion-hurdle-trial-hurdle-grade-2"", ""https://www.sportinglife.com/racing/results/2018-03-15/cheltenham/459886/the-sun-bets-stayers-hurdle-grade-1"", ""https://www.sportinglife.com/racing/results/2018-04-12/aintree/470423/betway-aintree-hurdle-grade-1"", ""https://www.sportinglife.com/racing/results/2018-12-15/cheltenham/502608/unibet-international-hurdle-grade-2""]","[""united_kingdom""]",24,19,3,2,0,19,2018-12-15,17539,International Hurdle[Unibet],G2,,,,True,confirm_batch_inclusion,项目负责人确认纳入首批；该决定不豁免身份补强、完整资料和完整生涯门禁。
united_states,1,observation:event:15587:number:1,Bullard,"[""Bullard""]",needs_identity_enrichment,needs_identity_enrichment,[],[],equibase,"[""equibase""]","[""https://www.equibase.com/yearbook/Result.cfm?cy=USA&de=D&rd=2026-07-11&rn=8&tk=PRM""]","[""united_states""]",1,1,0,0,0,1,2026-07-11,15587,Prairie Meadows Cornhusker H,G3,,,,True,confirm_batch_inclusion,项目负责人确认纳入首批；该决定不豁免身份补强、完整资料和完整生涯门禁。
united_states,2,observation:event:15484:number:5,Carson's Run,"[""Carson's Run""]",needs_identity_enrichment,needs_identity_enrichment,[],[],equibase,"[""equibase""]","[""https://www.equibase.com/yearbook/Result.cfm?cy=USA&de=D&rd=2026-07-11&rn=10&tk=SAR""]","[""united_states""]",1,1,0,0,0,1,2026-07-11,15484,Bowling Green S,G2,,,,True,confirm_batch_inclusion,项目负责人确认纳入首批；该决定不豁免身份补强、完整资料和完整生涯门禁。
united_states,3,observation:event:15587:number:4,Cornishman,"[""Cornishman""]",needs_identity_enrichment,needs_identity_enrichment,[],[],equibase,"[""equibase""]","[""https://www.equibase.com/yearbook/Result.cfm?cy=USA&de=D&rd=2026-07-11&rn=8&tk=PRM""]","[""united_states""]",1,1,0,0,0,1,2026-07-11,15587,Prairie Meadows Cornhusker H,G3,,,,True,confirm_batch_inclusion,项目负责人确认纳入首批；该决定不豁免身份补强、完整资料和完整生涯门禁。
united_states,4,observation:event:15484:number:3,Desvio,"[""Desvio""]",needs_identity_enrichment,needs_identity_enrichment,[],[],equibase,"[""equibase""]","[""https://www.equibase.com/yearbook/Result.cfm?cy=USA&de=D&rd=2026-07-11&rn=10&tk=SAR""]","[""united_states""]",1,1,0,0,0,1,2026-07-11,15484,Bowling Green S,G2,,,,True,confirm_batch_inclusion,项目负责人确认纳入首批；该决定不豁免身份补强、完整资料和完整生涯门禁。
united_states,5,observation:event:15484:number:4,Fort George,"[""Fort George""]",needs_identity_enrichment,needs_identity_enrichment,[],[],equibase,"[""equibase""]","[""https://www.equibase.com/yearbook/Result.cfm?cy=USA&de=D&rd=2026-07-11&rn=10&tk=SAR""]","[""united_states""]",1,1,0,0,0,1,2026-07-11,15484,Bowling Green S,G2,,,,True,confirm_batch_inclusion,项目负责人确认纳入首批；该决定不豁免身份补强、完整资料和完整生涯门禁。
united_states,6,observation:event:15587:number:6,Gigante,"[""Gigante""]",needs_identity_enrichment,needs_identity_enrichment,[],[],equibase,"[""equibase""]","[""https://www.equibase.com/yearbook/Result.cfm?cy=USA&de=D&rd=2026-07-11&rn=8&tk=PRM""]","[""united_states""]",1,1,0,0,0,1,2026-07-11,15587,Prairie Meadows Cornhusker H,G3,,,,True,confirm_batch_inclusion,项目负责人确认纳入首批；该决定不豁免身份补强、完整资料和完整生涯门禁。
united_states,7,observation:event:15587:number:3,Heroic Move,"[""Heroic Move""]",needs_identity_enrichment,needs_identity_enrichment,[],[],equibase,"[""equibase""]","[""https://www.equibase.com/yearbook/Result.cfm?cy=USA&de=D&rd=2026-07-11&rn=8&tk=PRM""]","[""united_states""]",1,1,0,0,0,1,2026-07-11,15587,Prairie Meadows Cornhusker H,G3,,,,True,confirm_batch_inclusion,项目负责人确认纳入首批；该决定不豁免身份补强、完整资料和完整生涯门禁。
united_states,8,observation:event:15487:number:6,In Our Time,"[""In Our Time""]",needs_identity_enrichment,needs_identity_enrichment,[],[],equibase,"[""equibase""]","[""https://www.equibase.com/yearbook/Result.cfm?cy=USA&de=D&rd=2026-07-11&rn=5&tk=SAR""]","[""united_states""]",1,1,0,0,0,1,2026-07-11,15487,Caress S,G2,,,,True,confirm_batch_inclusion,项目负责人确认纳入首批；该决定不豁免身份补强、完整资料和完整生涯门禁。
united_states,9,observation:event:15484:number:6,Minaret Station,"[""Minaret Station""]",needs_identity_enrichment,needs_identity_enrichment,[],[],equibase,"[""equibase""]","[""https://www.equibase.com/yearbook/Result.cfm?cy=USA&de=D&rd=2026-07-11&rn=10&tk=SAR""]","[""united_states""]",1,1,0,0,0,1,2026-07-11,15484,Bowling Green S,G2,,,,True,confirm_batch_inclusion,项目负责人确认纳入首批；该决定不豁免身份补强、完整资料和完整生涯门禁。
united_states,10,observation:event:15487:number:2,Movin' On Up,"[""Movin' On Up""]",needs_identity_enrichment,needs_identity_enrichment,[],[],equibase,"[""equibase""]","[""https://www.equibase.com/yearbook/Result.cfm?cy=USA&de=D&rd=2026-07-11&rn=5&tk=SAR""]","[""united_states""]",1,1,0,0,0,1,2026-07-11,15487,Caress S,G2,,,,True,confirm_batch_inclusion,项目负责人确认纳入首批；该决定不豁免身份补强、完整资料和完整生涯门禁。
